Repository,SourceBranch,SourceCommit,RelativePath,Bytes,SHA256,Executable,Symlink
SQL_Server_Analyze,main,612bcc60d4a8a34c05ab28ffc6ce964e359df6c2,.github/copilot-instructions.md,1069,52126c063cd6e34ed592737e8d28e698ad04f6f2d013aa16f0c8e15baa9f78f4,False,False
SQL_Server_Analyze,main,612bcc60d4a8a34c05ab28ffc6ce964e359df6c2,.github/workflows/collect-statistics-release-evidence.yml,3788,805dd032d304e897d6e11fd58b5332b3d627987e87fe03b703f67ec65bc94a46,False,False
SQL_Server_Analyze,main,612bcc60d4a8a34c05ab28ffc6ce964e359df6c2,.github/workflows/commit-message-validation.yml,1397,2fbea5e18154e42e697f95beb73a5c7c22ffb0fa6f170362e7e3c81f8cc01e28,False,False
SQL_Server_Analyze,main,612bcc60d4a8a34c05ab28ffc6ce964e359df6c2,.github/workflows/documentation-validation.yml,10986,b1d9c345a90f0350c0fd3c357b7751640072b6825b954b49d000af8a62a863b9,False,False
SQL_Server_Analyze,main,612bcc60d4a8a34c05ab28ffc6ce964e359df6c2,.github/workflows/lab-contract-validation.yml,14868,50ab39efae006010e00547a3deafdfe2aaf6b06bed88bedf26f0f91d468a31e7,False,False
SQL_Server_Analyze,main,612bcc60d4a8a34c05ab28ffc6ce964e359df6c2,.github/workflows/quickstart-docker-validation.yml,6676,f9ea21c19790b42d8d689081bf12e1d6dd3e67c6b87b1f4803224ff7d0c2294c,False,False
SQL_Server_Analyze,main,612bcc60d4a8a34c05ab28ffc6ce964e359df6c2,.github/workflows/repository-privacy-validation.yml,1392,b81ea1f9cf32ee9f12553df7226b1a659f1b51686e3a2da641e203f6c028d680,False,False
SQL_Server_Analyze,main,612bcc60d4a8a34c05ab28ffc6ce964e359df6c2,.github/workflows/sqlserver-2022-linux-release-gate.yml,12591,b8b0c90067a2e4b3934d34237c13632068b9d358f7bab70ece27154361c12dc9,False,False
SQL_Server_Analyze,main,612bcc60d4a8a34c05ab28ffc6ce964e359df6c2,.github/workflows/sqlserver-compatibility-matrix-manual.yml,3010,6655156099d8a1b37a104d76071b9b98b62e4e216fbb1d7ac9f0d2b20a936912,False,False
SQL_Server_Analyze,main,612bcc60d4a8a34c05ab28ffc6ce964e359df6c2,.gitignore,138,2c3289c423c526068d01a92b4ae9d49dbcc022479a846d6f6c4bc6ca7b4e709f,False,False
SQL_Server_Analyze,main,612bcc60d4a8a34c05ab28ffc6ce964e359df6c2,.vscode/settings.json,68,803c832d7070b65f17dd23817684c8bad29bcd11e3e578f7f993f9b1a53d4230,False,False
SQL_Server_Analyze,main,612bcc60d4a8a34c05ab28ffc6ce964e359df6c2,AGENTS.md,2988,e236ad224db39fbd781a7074d17902f3bec93ba412a8516f8d6ef98d93caacbe,False,False
SQL_Server_Analyze,main,612bcc60d4a8a34c05ab28ffc6ce964e359df6c2,AI_Metadata/ARCHITECTURE_DECISIONS.md,3034,f9c17f28bbbb1b66f1a8dd28aa246dd9a0c6d5fa2c5d2baac96658f2e47fe773,False,False
SQL_Server_Analyze,main,612bcc60d4a8a34c05ab28ffc6ce964e359df6c2,AI_Metadata/CONTINUATION_GUIDE.md,10760,a1c37a12b0d2428b758bb88a68ddd888b4ea396af339f44fc6a0af1143db184e,False,False
SQL_Server_Analyze,main,612bcc60d4a8a34c05ab28ffc6ce964e359df6c2,AI_Metadata/Internal_Documentation/Analysis_Guides/Authoring/Deep_Analysis_All_Procedures_Research_Draft.md,34406,f457c364a585f638735db5a0e6ddaaa507163f9bc1a9de5b460482360828d00a,False,False
SQL_Server_Analyze,main,612bcc60d4a8a34c05ab28ffc6ce964e359df6c2,AI_Metadata/Internal_Documentation/Analysis_Guides/Authoring/Deep_Analysis_Common_CurrentState_Draft.md,26257,51ecb6698f1666db8458687ed393968bffaa72b9a806fc07434d8a0ca24943a7,False,False
SQL_Server_Analyze,main,612bcc60d4a8a34c05ab28ffc6ce964e359df6c2,AI_Metadata/Internal_Documentation/Analysis_Guides/Authoring/Deep_Analysis_Documentation_Draft.md,30970,a6a4179f8edd55a1d2f08611ba93c399803589fbaa279c3dd8892c5d669f89e7,False,False
SQL_Server_Analyze,main,612bcc60d4a8a34c05ab28ffc6ce964e359df6c2,AI_Metadata/Internal_Documentation/Analysis_Guides/Authoring/Deep_Analysis_Draft_Index.md,4502,e3e207140e3682da354c371432fb3baae2c70c514b744219e45c769209344797,False,False
SQL_Server_Analyze,main,612bcc60d4a8a34c05ab28ffc6ce964e359df6c2,AI_Metadata/Internal_Documentation/Analysis_Guides/Authoring/Deep_Analysis_Infrastructure_Draft.md,22330,e5d735dfa550344f1c476d608128563b530a37eeab67b8bd3dec5591077dbdcc,False,False
SQL_Server_Analyze,main,612bcc60d4a8a34c05ab28ffc6ce964e359df6c2,AI_Metadata/Internal_Documentation/Analysis_Guides/Authoring/Deep_Analysis_ObjectIndex_PlanCache_Draft.md,29648,6db5f41588be924713aa9fbf8165c7a068a7cdbd3d5e3ea39b03437a489451f5,False,False
SQL_Server_Analyze,main,612bcc60d4a8a34c05ab28ffc6ce964e359df6c2,AI_Metadata/Internal_Documentation/Analysis_Guides/Authoring/Deep_Analysis_QueryStore_ExtendedEvents_Draft.md,26002,455dc23d2844c60d6eab4a88b016eec321113c21045a47edda4a373287b790b1,False,False
SQL_Server_Analyze,main,612bcc60d4a8a34c05ab28ffc6ce964e359df6c2,AI_Metadata/Internal_Documentation/Analysis_Guides/Authoring/Deep_Analysis_ServerHealth_Draft.md,27200,ddc63259c70c8b92fcc659a448c554f099482ba5a25c78e652a4c3eed9a6bf89,False,False
SQL_Server_Analyze,main,612bcc60d4a8a34c05ab28ffc6ce964e359df6c2,AI_Metadata/Internal_Documentation/Analysis_Guides/Authoring/Deep_Analysis_VersionAdaptive_Draft.md,17177,5c0d45e6a3d202a8f0c8f077ff0e5a4302583d1401481469a17471f4b7799ab0,False,False
SQL_Server_Analyze,main,612bcc60d4a8a34c05ab28ffc6ce964e359df6c2,AI_Metadata/Internal_Documentation/Analysis_Guides/Authoring/Deep_Research_Analysis_Guides_Concept.md,46079,bf3b945abeab21d8e8fb172c6f7bae1453edb173d435f246b1b9d48dca8183d2,False,False
SQL_Server_Analyze,main,612bcc60d4a8a34c05ab28ffc6ce964e359df6c2,AI_Metadata/Internal_Documentation/Analysis_Guides/Authoring/Procedure_Page_Template.md,4531,ed26ed1f50fbdf7009a1074c9e101a024f8b693c91a706cb647f0623dcfc4a94,False,False
SQL_Server_Analyze,main,612bcc60d4a8a34c05ab28ffc6ce964e359df6c2,AI_Metadata/Internal_Documentation/Analysis_Guides/Deep_Research_Analysis_Guides_Concept.md,439,669759237708e6c2ddc3a6eaeadf983ea51b99003f8d8788f0e499307e58f776,False,False
SQL_Server_Analyze,main,612bcc60d4a8a34c05ab28ffc6ce964e359df6c2,AI_Metadata/Internal_Documentation/Analysis_Guides/Documentation_Quality_Contract.md,10595,1f954c92a7caea2edf33a8452815320db806e031a95fca4f05e97b7c4564a61b,False,False
SQL_Server_Analyze,main,612bcc60d4a8a34c05ab28ffc6ce964e359df6c2,AI_Metadata/Internal_Documentation/Architecture/Branch_Separation_Execution_Plan.md,1257,6d6f40c3425e0e81918dd5a7a55ad1a3d590390c834e3033534a4f54d4fef9b4,False,False
SQL_Server_Analyze,main,612bcc60d4a8a34c05ab28ffc6ce964e359df6c2,AI_Metadata/Internal_Documentation/Architecture/Database_Console_Table_Contract_History.md,12010,6ae2bd0768ace435ce4798214312105bc0b1c475edddeacff9d78f3812d444f4,False,False
SQL_Server_Analyze,main,612bcc60d4a8a34c05ab28ffc6ce964e359df6c2,AI_Metadata/Internal_Documentation/Architecture/Diagnostic_Information_Enrichment_Backlog.md,22095,0f7e7d6dc88ff136c59bf4876070a97cf4ea70f1a56ba93b9ad1d7950ba72d6c,False,False
SQL_Server_Analyze,main,612bcc60d4a8a34c05ab28ffc6ce964e359df6c2,AI_Metadata/Internal_Documentation/Architecture/Docker_QuickStart_Design_Decisions.md,8077,bba495af26ee6f92e5ecd22fae1cd0293eff4587ee179da47d1fa257c511b18a,False,False
SQL_Server_Analyze,main,612bcc60d4a8a34c05ab28ffc6ce964e359df6c2,AI_Metadata/Internal_Documentation/Architecture/Execution_Plan_Analysis_Design_History.md,45333,213953f5ec13078b68c96b40ef5147713cbb8ff3c9d2c2106648c69805954cb2,False,False
SQL_Server_Analyze,main,612bcc60d4a8a34c05ab28ffc6ce964e359df6c2,AI_Metadata/Internal_Documentation/Architecture/Execution_Plan_Analysis_Installation_Contract_History.md,14754,9be7651203e92c2749864ab32ca3ba9a9e46a673ebb9e3074204ff7b11656865,False,False
SQL_Server_Analyze,main,612bcc60d4a8a34c05ab28ffc6ce964e359df6c2,AI_Metadata/Internal_Documentation/Architecture/Fleet_Correlation_Contract.md,2427,35df55734aefb757240a23edaa751a223b6253ab784283f62fee2b3738373adf,False,False
SQL_Server_Analyze,main,612bcc60d4a8a34c05ab28ffc6ce964e359df6c2,AI_Metadata/Internal_Documentation/Architecture/HyperV_QuickStart_Design_Decisions.md,12363,0a106a4efa7c342b46290ea95d3049a24a63ad64ae6d44bd7ce415a8219926ff,False,False
SQL_Server_Analyze,main,612bcc60d4a8a34c05ab28ffc6ce964e359df6c2,AI_Metadata/Internal_Documentation/Architecture/Operational_Diagnostic_Gap_Backlog.md,15425,45d1f1b5c8593732f64479a3d7d0d639e6eec40613cf31999d371d1eae09b08d,False,False
SQL_Server_Analyze,main,612bcc60d4a8a34c05ab28ffc6ce964e359df6c2,AI_Metadata/Internal_Documentation/Architecture/Repository_Branching_and_Boundaries.md,3711,3a789c4e4013e96c4a96568d5412eecda0bce21deead830d5f5f2e58f82db36f,False,False
SQL_Server_Analyze,main,612bcc60d4a8a34c05ab28ffc6ce964e359df6c2,AI_Metadata/Internal_Documentation/Architecture/Runtime_Data_and_Repository_Privacy.md,13373,510c8af654d3f06fd6ff5ed9712bbf879fb4bd3683665404b8e689888ab136ad,False,False
SQL_Server_Analyze,main,612bcc60d4a8a34c05ab28ffc6ce964e359df6c2,AI_Metadata/Internal_Documentation/Architecture/Snapshot_Baseline_Package_Contract_History.md,11822,aa620281a3c9fb5120b504af53acafc78bf47f0ad2f24e2038a131cf6f5f51f3,False,False
SQL_Server_Analyze,main,612bcc60d4a8a34c05ab28ffc6ce964e359df6c2,AI_Metadata/Internal_Documentation/Architecture/Special_Case_Modules_History.md,17260,e7b729f9df6a36fbfeac4bcdf40134afe6b298d386dfb49018b05f4b08c5c928,False,False
SQL_Server_Analyze,main,612bcc60d4a8a34c05ab28ffc6ce964e359df6c2,AI_Metadata/Internal_Documentation/Development/Integrating_New_Module_Authorization.md,7464,64d00fa82b263cef67d66c18a92955b93f66c8dddb2e1ba659a2fb7d2bc9399f,False,False
SQL_Server_Analyze,main,612bcc60d4a8a34c05ab28ffc6ce964e359df6c2,AI_Metadata/Internal_Documentation/Quality/Analysis_Documentation_Validation.md,3264,068676ce6b5ee50f88138e85b392c1491a72b8d1c113ffe96e7dda8d4a9fa3ea,False,False
SQL_Server_Analyze,main,612bcc60d4a8a34c05ab28ffc6ce964e359df6c2,AI_Metadata/Internal_Documentation/Quality/Commit_Message_Validation.md,2741,02cecb52cb297c5aa7f2d65a7d1bb519d569d5e91bcd4c8da68d8963d59dfe42,False,False
SQL_Server_Analyze,main,612bcc60d4a8a34c05ab28ffc6ce964e359df6c2,AI_Metadata/Internal_Documentation/Quality/External_Restore_Host_Proof_Runbook.md,2988,7a25cd702ffb97610919c1096a60fe4631c83552edb17eb0701b7d246bdbc846,False,False
SQL_Server_Analyze,main,612bcc60d4a8a34c05ab28ffc6ce964e359df6c2,AI_Metadata/Internal_Documentation/Quality/Known_Issues_History.md,9425,a2c15f4ffdac45736804418a332ec32fae55e320977396f97bf2480e957a00cd,False,False
SQL_Server_Analyze,main,612bcc60d4a8a34c05ab28ffc6ce964e359df6c2,AI_Metadata/Internal_Documentation/Quality/Migration_Audit_History.json,2187,d9660fed2413e2667f42c92cdb7d898dd64877105c5abdc4c4ecb3dbf9e3964b,False,False
SQL_Server_Analyze,main,612bcc60d4a8a34c05ab28ffc6ce964e359df6c2,AI_Metadata/Internal_Documentation/Quality/NextSteps_External_Note.md,9722,61c60665560f348d40480c43e468e56e4e1e5fd3a183a20d343fabdb4bca336e,False,False
SQL_Server_Analyze,main,612bcc60d4a8a34c05ab28ffc6ce964e359df6c2,AI_Metadata/Internal_Documentation/Quality/Next_Steps.md,21414,9ec90721e57dde394c38a779c25282270d9e85539d1d4201eb84210787daf95b,False,False
SQL_Server_Analyze,main,612bcc60d4a8a34c05ab28ffc6ce964e359df6c2,AI_Metadata/Internal_Documentation/Quality/Release_Gate_Runbook.md,15143,fc21617ef5f45bd5b51583b6d6bb5b632adb33cf587951d0e407daf18ede7a72,False,False
SQL_Server_Analyze,main,612bcc60d4a8a34c05ab28ffc6ce964e359df6c2,AI_Metadata/Internal_Documentation/Quality/Release_Notes_History.md,49349,3a784d35fcee920bf7980e71321f6ff67e2d27715067f9d62a3cb73ecf55298e,False,False
SQL_Server_Analyze,main,612bcc60d4a8a34c05ab28ffc6ce964e359df6c2,AI_Metadata/Internal_Documentation/Quality/Repository_Privacy_Validation.md,3245,7531e1358ec996d9894762b785949068939d879702dd2d2c2287a0f038190d27,False,False
SQL_Server_Analyze,main,612bcc60d4a8a34c05ab28ffc6ce964e359df6c2,AI_Metadata/Internal_Documentation/Quality/SQL_Server_2025_Regex_Gate.md,4849,a29f9ff0651b5804452609a2ec433f0d98812455f0cf84245f93e3f08a9a3431,False,False
SQL_Server_Analyze,main,612bcc60d4a8a34c05ab28ffc6ce964e359df6c2,AI_Metadata/Internal_Documentation/Quality/Test_Matrix_History.md,11802,7bc7834c74ad30738e65795d7aa9c5b12d05d2875842561588bc94c0966ef37b,False,False
SQL_Server_Analyze,main,612bcc60d4a8a34c05ab28ffc6ce964e359df6c2,AI_Metadata/Internal_Documentation/Quality/Wait_Type_Curation.md,5848,aa391c62443dd3c7c651842c9bc4c179571d1236f6210ffc407776bc815101c4,False,False
SQL_Server_Analyze,main,612bcc60d4a8a34c05ab28ffc6ce964e359df6c2,AI_Metadata/Internal_Documentation/README.md,1747,9796ba9361b5e13f89805888e0b357c7e1d832a7a7f9086428e7da8a7d1d1fef,False,False
SQL_Server_Analyze,main,612bcc60d4a8a34c05ab28ffc6ce964e359df6c2,AI_Metadata/Internal_Documentation/Requirements/Requirements_and_Decisions.md,23626,8109d3f557e79b182491658aeea8696a2e7716ab4faae7b16cd6d349a389f68b,False,False
SQL_Server_Analyze,main,612bcc60d4a8a34c05ab28ffc6ce964e359df6c2,AI_Metadata/Internal_Documentation/Research/Extended_Events.md,2755,f585f2c2fdb7e0408842805859ebd19afe6753c42f90754c170be9bc354d25cc,False,False
SQL_Server_Analyze,main,612bcc60d4a8a34c05ab28ffc6ce964e359df6c2,AI_Metadata/Internal_Documentation/Research/Legacy_Analysis_Results.md,1539,ef5c315688f21172e527054993c0791e5efdff27a2ab0a465bdee47afc1f2e64,False,False
SQL_Server_Analyze,main,612bcc60d4a8a34c05ab28ffc6ce964e359df6c2,AI_Metadata/Internal_Documentation/Research/Plan_Cache_and_Showplan.md,3361,40df0693203494eeec805a89b634717c6c31a5bbfd5bed2321f492d00ca27738,False,False
SQL_Server_Analyze,main,612bcc60d4a8a34c05ab28ffc6ce964e359df6c2,AI_Metadata/Internal_Documentation/Research/Query_Store.md,1451,394806e26039da5c98fadb09f1b1bc5fbe6d8a7b3301072f79db0c16edf0b1e3,False,False
SQL_Server_Analyze,main,612bcc60d4a8a34c05ab28ffc6ce964e359df6c2,AI_Metadata/Internal_Documentation/Research/Sources.md,36721,61b7c7ecb5e9f201ba7957ec93322d248d6e2bfcded92517dfcc1f8171869cd3,False,False
SQL_Server_Analyze,main,612bcc60d4a8a34c05ab28ffc6ce964e359df6c2,AI_Metadata/Internal_Documentation/Research/Special_Case_Gap_Analysis.md,43494,08ce7e48b4bdb99c872ccee7988b9ab58910c0ffa24979666e95dfe97d1b6e84,False,False
SQL_Server_Analyze,main,612bcc60d4a8a34c05ab28ffc6ce964e359df6c2,AI_Metadata/Internal_Documentation/Research/System_Source_Catalog.md,7869,992be5a7efe01a4a46b5314923912593479b373fd031af592f12557388b521af,False,False
SQL_Server_Analyze,main,612bcc60d4a8a34c05ab28ffc6ce964e359df6c2,AI_Metadata/Internal_Documentation/private_Note/Manueller_Test_Hyper-V.md,6427,7aa9c0cd0cc041f39e8020d10ffd503c5212d38a705a0e5f403d297a1db164bd,False,False
SQL_Server_Analyze,main,612bcc60d4a8a34c05ab28ffc6ce964e359df6c2,AI_Metadata/Internal_Documentation/private_Note/README.md,580,327ffc729854f931e81bb4e78669a9fb85bfa46fe0eb685fd522d0312791465a,False,False
SQL_Server_Analyze,main,612bcc60d4a8a34c05ab28ffc6ce964e359df6c2,AI_Metadata/Internal_Documentation/private_Note/Reproducible Diagnostic Lab.md,63257,ce48e0a77bc938510f81583bb0642b883755acde89c631bd1b15ae22c596c6c0,False,False
SQL_Server_Analyze,main,612bcc60d4a8a34c05ab28ffc6ce964e359df6c2,AI_Metadata/Internal_Documentation/private_Note/ToDoList.md,15910,a572b7a9754600010d7f8b0f4175c296df6cd95fd3a93bd633783e55d8aeea78,False,False
SQL_Server_Analyze,main,612bcc60d4a8a34c05ab28ffc6ce964e359df6c2,AI_Metadata/Internal_Documentation/private_Note/erkannte_Probleme.md,12407,1c1cf23d32e2a8c3b14ce44f8f17da494a76ab6a27091376fe30a4fe05a28121,False,False
SQL_Server_Analyze,main,612bcc60d4a8a34c05ab28ffc6ce964e359df6c2,AI_Metadata/PROJECT_CONTEXT.md,9487,854f060cb509356166a6082a67378ba865958b22b4e3344abe91d53e4017082a,False,False
SQL_Server_Analyze,main,612bcc60d4a8a34c05ab28ffc6ce964e359df6c2,CheckLargeGitFilesPush.ps1,16144,5299f57bb5d87dc275f7ea40d12c305ff7c597552ed1d8553d0778f1bccdacdc,False,False
SQL_Server_Analyze,main,612bcc60d4a8a34c05ab28ffc6ce964e359df6c2,Code/00_Setup/000_Preflight_und_Schema.sql,4139,462e4ad22de904d385270d424e1000c6564e3eaa2f24be22eae85ccc0d0bc7c9,False,False
SQL_Server_Analyze,main,612bcc60d4a8a34c05ab28ffc6ce964e359df6c2,Code/01_Common/010_VW_ModuleStatusCatalog.sql,5089,1e5e42e2e2f8748aca4b2ca2ca69802170384e20168f9d294f71f396bf611b19,False,False
SQL_Server_Analyze,main,612bcc60d4a8a34c05ab28ffc6ce964e359df6c2,Code/01_Common/020_VW_AnalyseClassCatalog.sql,10795,0fa15f8ded260b7f5ba09663d1a3a3c0de29fa6d8e3d436f43942afbedc667fc,False,False
SQL_Server_Analyze,main,612bcc60d4a8a34c05ab28ffc6ce964e359df6c2,Code/01_Common/021_VW_AnalysisCatalog.sql,63618,2e377328c77f63951b7968e8f89fe343a9323a36636148c5f0ed7edfb6a5ead9,False,False
SQL_Server_Analyze,main,612bcc60d4a8a34c05ab28ffc6ce964e359df6c2,Code/01_Common/022_VW_AnalysisSearchTerm.sql,30031,6055380b7c4a2fd7d79b965bb333137dea6098f8299724454a4d3dea4c779254,False,False
SQL_Server_Analyze,main,612bcc60d4a8a34c05ab28ffc6ce964e359df6c2,Code/01_Common/023_VW_AnalysisRelation.sql,26067,ffc5249efad19d71bc851a3bfe6e236036cea24826ab27fdc781939ed5c821d7,False,False
SQL_Server_Analyze,main,612bcc60d4a8a34c05ab28ffc6ce964e359df6c2,Code/01_Common/030_VW_AnalyseAccessPolicy.sql,3489,5db246fd8ba80478506c2a8533022383a6aad57c4983c21f65d9535d7530bfca,False,False
SQL_Server_Analyze,main,612bcc60d4a8a34c05ab28ffc6ce964e359df6c2,Code/01_Common/040_VW_AnalyseAccessCurrent.sql,6321,a3e7e2ab664ddc05afa9c969ce7c47ac97d96ab6badc2312a27fe2282e8093ee,False,False
SQL_Server_Analyze,main,612bcc60d4a8a34c05ab28ffc6ce964e359df6c2,Code/01_Common/050_USP_CheckAnalyseAccess.sql,11338,56f693f82a44b6d761feb75d8a55db1656d973e9f2f80c0d37e1d6377591287d,False,False
SQL_Server_Analyze,main,612bcc60d4a8a34c05ab28ffc6ce964e359df6c2,Code/01_Common/060_VW_FrameworkFeatureCatalog.sql,55759,3fbdc86648a9ecb65af1ade4e139f891ff786e8b8f08917bf81740656ed83005,False,False
SQL_Server_Analyze,main,612bcc60d4a8a34c05ab28ffc6ce964e359df6c2,Code/01_Common/070_USP_CheckFrameworkCapabilities.sql,22227,db2ed1feb3e792bd7aff12d54409306dff51a794fd912d52a68c8b801a177949,False,False
SQL_Server_Analyze,main,612bcc60d4a8a34c05ab28ffc6ce964e359df6c2,Code/01_Common/074_WaitTypeCatalog.sql,10253,609d4dc19704fd3e00348e623ff371c27bb4cf030d26ddd6edd3fafad05c9d31,False,False
SQL_Server_Analyze,main,612bcc60d4a8a34c05ab28ffc6ce964e359df6c2,Code/01_Common/074a_WaitTypeCatalog_Seed_01.sql,40790,61bda102e07d4ccc842a471322ea43e7d9df19fe28527bde7454b91a7b4fb06f,False,False
SQL_Server_Analyze,main,612bcc60d4a8a34c05ab28ffc6ce964e359df6c2,Code/01_Common/074b_WaitTypeCatalog_Seed_02.sql,44069,274577df1ef473d307509673c31a9ee2f4cf9f81daaf431e44f564bd700d0fd3,False,False
SQL_Server_Analyze,main,612bcc60d4a8a34c05ab28ffc6ce964e359df6c2,Code/01_Common/074c_WaitTypeCatalog_Seed_03.sql,40342,ef99308d228ca50cbca152836dae1c2c4a3e31e70452cdfeb41a0dba67aaa3c5,False,False
SQL_Server_Analyze,main,612bcc60d4a8a34c05ab28ffc6ce964e359df6c2,Code/01_Common/074d_WaitTypeCatalog_Seed_04.sql,37267,5f46f3e839094b75c3616a56175f7a026f52cb8cd3281e1d978dbf67ec0fe0b6,False,False
SQL_Server_Analyze,main,612bcc60d4a8a34c05ab28ffc6ce964e359df6c2,Code/01_Common/074e_WaitTypeCatalog_Analysis.sql,29695,e1c2429cfa34161012d0285090478f9d90c0653c5b23141e06e6c5450ccafd37,False,False
SQL_Server_Analyze,main,612bcc60d4a8a34c05ab28ffc6ce964e359df6c2,Code/01_Common/074f_WaitTypeCatalog_Source_Seed.sql,19398,7cadadab3bdd47421256a067f4a2de6d92f75a151668b99f1c3ca500ac2b991b,False,False
SQL_Server_Analyze,main,612bcc60d4a8a34c05ab28ffc6ce964e359df6c2,Code/01_Common/075_TVF_WaitTypeInfo.sql,9211,59cc5f1ed8afc504dcb28f7ce0562aba97ed45209011d9432b6f6a89effddb96,False,False
SQL_Server_Analyze,main,612bcc60d4a8a34c05ab28ffc6ce964e359df6c2,Code/01_Common/075a_TVF_WaitTypeSources.sql,2793,7264d7cabc6a3c1863844c6d5cdcad9fa49c0caf241202498dfd653672e559ad,False,False
SQL_Server_Analyze,main,612bcc60d4a8a34c05ab28ffc6ce964e359df6c2,Code/01_Common/076_TVF_QueryStoreWaitCategoryInfo.sql,3728,017924134fda15e976f7ec7c7452c88c45002321ad8a45a99ba1802df9f2837f,False,False
SQL_Server_Analyze,main,612bcc60d4a8a34c05ab28ffc6ce964e359df6c2,Code/01_Common/077_FrameworkVersion.sql,2174,e6c1dbb6ec73e5b022bcb956cb67cb590c9a54fc2b6c9c33678e52f755fb5ba8,False,False
SQL_Server_Analyze,main,612bcc60d4a8a34c05ab28ffc6ce964e359df6c2,Code/01_Common/078_TVF_ParsePipeList.sql,5511,41e93cbea38a9664774a4da0ea4def33e6d17c823cd50ddbba6b413550e5bbcd,False,False
SQL_Server_Analyze,main,612bcc60d4a8a34c05ab28ffc6ce964e359df6c2,Code/01_Common/079_TVF_ParsePattern.sql,3322,0fc9e454d519b45827c69e7f8d8442170bbcdd91326be1b10f896f635c7ad500,False,False
SQL_Server_Analyze,main,612bcc60d4a8a34c05ab28ffc6ce964e359df6c2,Code/01_Common/080_TVF_ParseSqlNameList.sql,2143,0f4a976522e7b462d16d5575d49201ed83e363fe9937b66583bf3f5a036aad54,False,False
SQL_Server_Analyze,main,612bcc60d4a8a34c05ab28ffc6ce964e359df6c2,Code/01_Common/081_TVF_ParseFullObjectNameList.sql,3716,f6177a54dd158c5edcdcafc6ae025b92f471972175cd47b1e97cf1671d6eb1c2,False,False
SQL_Server_Analyze,main,612bcc60d4a8a34c05ab28ffc6ce964e359df6c2,Code/01_Common/082_TVF_DatabaseCandidates.sql,3451,fa677f48260f7e043fda1d089556262d4619d7129160748eb5aad8fb17fce105,False,False
SQL_Server_Analyze,main,612bcc60d4a8a34c05ab28ffc6ce964e359df6c2,Code/01_Common/083_USP_PrepareDatabaseCandidates.sql,10517,bf60e57829df33fdcc7b334822df01028cc3a54999a4943e49f7c0bdfa1f90d2,False,False
SQL_Server_Analyze,main,612bcc60d4a8a34c05ab28ffc6ce964e359df6c2,Code/01_Common/083a_USP_InternalCheckAnalysisPath.sql,4335,2da292640253ab4a663715bb5b72acbdf4675ac1ac36b62fa3e78bdb15927cb7,False,False
SQL_Server_Analyze,main,612bcc60d4a8a34c05ab28ffc6ce964e359df6c2,Code/01_Common/084_USP_PrepareNameFilters.sql,5830,74838fa295de98009ac2a5f1144e939fe6e3b758f03456aff3c7cbe33ff4d870,False,False
SQL_Server_Analyze,main,612bcc60d4a8a34c05ab28ffc6ce964e359df6c2,Code/01_Common/085_TVF_ParseBigintList.sql,2014,8065c24560ab5fc2ed83293489d5fbfa238b8454be5e6998a249327f8989b723,False,False
SQL_Server_Analyze,main,612bcc60d4a8a34c05ab28ffc6ce964e359df6c2,Code/01_Common/086_TVF_ParseStringList.sql,2968,8b665425e4fce11b8e176ceda287a88a83ad4f07f257a62a70f17af870304529,False,False
SQL_Server_Analyze,main,612bcc60d4a8a34c05ab28ffc6ce964e359df6c2,Code/01_Common/086a_TVF_ParseBlockingResource.sql,11381,6a9fe02d1d9b0783b387214f4d2c7267e5b07028ce940e2945830b8d0b8cf3b1,False,False
SQL_Server_Analyze,main,612bcc60d4a8a34c05ab28ffc6ce964e359df6c2,Code/01_Common/087_TVF_StatementText.sql,5587,e4f269d628a5a0c5584ac8aeb073a6add458540090300ee360ad496cb7eeffd1,False,False
SQL_Server_Analyze,main,612bcc60d4a8a34c05ab28ffc6ce964e359df6c2,Code/01_Common/087a_ToolBackgroundQueryPattern.sql,2151,1dd6e0caeee52b26793d83a0a994eb578739cb4d80b2406e66a318acf8593752,False,False
SQL_Server_Analyze,main,612bcc60d4a8a34c05ab28ffc6ce964e359df6c2,Code/01_Common/087b_ToolBackgroundQueryPattern_Seed.sql,4090,d3e68fa14db560f76db9f4b9de6ff77cdc87b6e8935d8a1ecff366a2fa0a7945,False,False
SQL_Server_Analyze,main,612bcc60d4a8a34c05ab28ffc6ce964e359df6c2,Code/01_Common/087c_TVF_ToolBackgroundQueryInfo.sql,1626,7a9a7792c95f411f6873047aaa4a80247ec2e9e4eed7d0bca8cc7deb68ff7b73,False,False
SQL_Server_Analyze,main,612bcc60d4a8a34c05ab28ffc6ce964e359df6c2,Code/01_Common/087d_TVF_ProjectUnicodeText.sql,2239,779465316ee5ec486c380fd1526eb120c9edc278dc6389237642551e7806a1da,False,False
SQL_Server_Analyze,main,612bcc60d4a8a34c05ab28ffc6ce964e359df6c2,Code/01_Common/087e_TVF_ClassifyErrorLogEvent.sql,2134,ecf26d08b109d9c474c805f7b59aae6f0ec29bc1e203583d883f15fa2b53b852,False,False
SQL_Server_Analyze,main,612bcc60d4a8a34c05ab28ffc6ce964e359df6c2,Code/01_Common/088_TVF_InterpretPerformanceCounter.sql,4195,61f8fc9ba9cd4524e740e3b3c856d31a30e436b5db03ffa28424b5eadb1d50cf,False,False
SQL_Server_Analyze,main,612bcc60d4a8a34c05ab28ffc6ce964e359df6c2,Code/01_Common/089_TVF_InterpretContentionCounter.sql,1458,4e78deef29faecf26c4fd3961ff99dcd5d21cc43ec8cd56496ee90fbb9a35548,False,False
SQL_Server_Analyze,main,612bcc60d4a8a34c05ab28ffc6ce964e359df6c2,Code/01_Common/090_TVF_InterpretAvailabilityDatabaseState.sql,2650,7f3761a33bbfa6283be4a7961f55152310ea97d54898f612c9f7db0edb11ef8f,False,False
SQL_Server_Analyze,main,612bcc60d4a8a34c05ab28ffc6ce964e359df6c2,Code/01_Common/091_TVF_InterpretAvailabilitySeedingState.sql,2977,bd1ade276875b684a3b1a0ac019044c766bc9e88ad03c2b5b2cbff91b1ad8cc7,False,False
SQL_Server_Analyze,main,612bcc60d4a8a34c05ab28ffc6ce964e359df6c2,Code/01_Common/092_TVF_InterpretAgentAlertRoute.sql,1311,64a988de8dac2348dffa462da91cc7d34f3364f60a65f53a6b03d4837693a4f1,False,False
SQL_Server_Analyze,main,612bcc60d4a8a34c05ab28ffc6ce964e359df6c2,Code/01_Common/093_TVF_InterpretAgentJobState.sql,1849,c7eabc3e0bd615dd378d3ac89b25e3052cbe510764bf2486b031a476f2b0b5d3,False,False
SQL_Server_Analyze,main,612bcc60d4a8a34c05ab28ffc6ce964e359df6c2,Code/01_Common/094_TVF_InterpretDatabaseMailStatus.sql,1258,5c4750b5688c70c619d267f8abd3658a08773159537b01ec11b744b1218be51f,False,False
SQL_Server_Analyze,main,612bcc60d4a8a34c05ab28ffc6ce964e359df6c2,Code/01_Common/095_USP_InternalWriteResultTable.sql,20700,c0461c7f088407b7f9d88aeba7e32c1e128a1737948b4a24934d4bba09863cb9,False,False
SQL_Server_Analyze,main,612bcc60d4a8a34c05ab28ffc6ce964e359df6c2,Code/01_Common/096_USP_InternalPrepareResultTables.sql,9729,93984b6ce98efac1a02d21413beca4e882c6d003cd606f6733edd24b8004d205,False,False
SQL_Server_Analyze,main,612bcc60d4a8a34c05ab28ffc6ce964e359df6c2,Code/01_Common/097_USP_InternalPrepareSingleResultTable.sql,1738,a7889b7647a881a55993c81bf230cadf7d912fa42fbd557191e34fafa3e10760,False,False
SQL_Server_Analyze,main,612bcc60d4a8a34c05ab28ffc6ce964e359df6c2,Code/01_Common/098_USP_InternalEmitConsoleResult.sql,2070,5c1a196eea80269fb8ae8150a087f4f3827ba32259e78ff55ad7cc91f009fdd7,False,False
SQL_Server_Analyze,main,612bcc60d4a8a34c05ab28ffc6ce964e359df6c2,Code/01_Common/098_USP_InternalProjectUnicodeTextColumn.sql,2437,47d39e4503984e27e2d4bdd9a507d9508cdce4d07657086f098112dfcebd4b86,False,False
SQL_Server_Analyze,main,612bcc60d4a8a34c05ab28ffc6ce964e359df6c2,Code/01_Common/099_USP_InternalEmitTruncationWarning.sql,1919,8d03e74567317f53ad2ae7f0638c0e9090749e6e559912d5862dabf7fafcf461,False,False
SQL_Server_Analyze,main,612bcc60d4a8a34c05ab28ffc6ce964e359df6c2,Code/01_Common/099a_USP_InternalParseXmlText.sql,1706,b98e4e988e9add3aa44e27ee1604bb540c7d04e0345f3d10855cee8315780b6c,False,False
SQL_Server_Analyze,main,612bcc60d4a8a34c05ab28ffc6ce964e359df6c2,Code/01_Common/100_USP_AnalysisNavigator.sql,29435,70de4b669896dbe2b4f17c24232f56f67451f5d8d949a114448c280870d5df8a,False,False
SQL_Server_Analyze,main,612bcc60d4a8a34c05ab28ffc6ce964e359df6c2,Code/02_CurrentState/005_InternalCaptureCurrentStateSnapshot.sql,60312,a0c1af7f6aee7d7a21fb7379821199acfdf03e8186131ba4235d26aeee515963,False,False
SQL_Server_Analyze,main,612bcc60d4a8a34c05ab28ffc6ce964e359df6c2,Code/02_CurrentState/010_USP_CurrentSessions.sql,37807,d0180991218fa94376faa1f6dcae49d070de35ecee854b022b73da443ea924f5,False,False
SQL_Server_Analyze,main,612bcc60d4a8a34c05ab28ffc6ce964e359df6c2,Code/02_CurrentState/020_USP_CurrentRequests.sql,115278,e1993b66426d0d9ac79651aa846733325575150101abb2d3633c5cd386a83d1e,False,False
SQL_Server_Analyze,main,612bcc60d4a8a34c05ab28ffc6ce964e359df6c2,Code/02_CurrentState/030_USP_CurrentBlocking.sql,99188,103be53438554b25d786d41cb535e0776b79448d5d10281692f862ca6b38b1f5,False,False
SQL_Server_Analyze,main,612bcc60d4a8a34c05ab28ffc6ce964e359df6c2,Code/02_CurrentState/040_USP_CurrentWaits.sql,32348,b11cc228fa12f65b22f685421d6a27c787b6138700edb0128e629c1d10f8d127,False,False
SQL_Server_Analyze,main,612bcc60d4a8a34c05ab28ffc6ce964e359df6c2,Code/02_CurrentState/050_USP_CurrentTransactions.sql,22840,f4cf697b17c750a66cd476ee9aee8b3a73360edfb6caa6c43307c3489c2ed7b5,False,False
SQL_Server_Analyze,main,612bcc60d4a8a34c05ab28ffc6ce964e359df6c2,Code/02_CurrentState/060_USP_CurrentMemoryGrants.sql,40807,6a79d78a81572445c20fc046d1a88691710f28754559ed80a055a851fc1e5e2e,False,False
SQL_Server_Analyze,main,612bcc60d4a8a34c05ab28ffc6ce964e359df6c2,Code/02_CurrentState/070_USP_CurrentTempDB.sql,50757,d173e83587958295dbd1d74135f5a5d63fbd21d3ced5e02b4d0c25274b25ccff,False,False
SQL_Server_Analyze,main,612bcc60d4a8a34c05ab28ffc6ce964e359df6c2,Code/02_CurrentState/080_USP_CurrentIO.sql,44606,d994155ddcd941a0c9180edbf395e143604b1ba65355fd414df9c552747a77f8,False,False
SQL_Server_Analyze,main,612bcc60d4a8a34c05ab28ffc6ce964e359df6c2,Code/02_CurrentState/090_USP_CurrentLog.sql,25215,8b554a0eec7ad2437c0713701c3d51c3f859f164fb27d39c883fdaf4cfa26090,False,False
SQL_Server_Analyze,main,612bcc60d4a8a34c05ab28ffc6ce964e359df6c2,Code/02_CurrentState/100_USP_CurrentOverview.sql,55388,7a1e3381de1aba4e5dae12900e87aa66ae29ffd902486409c29303f1217e89be,False,False
SQL_Server_Analyze,main,612bcc60d4a8a34c05ab28ffc6ce964e359df6c2,Code/03_ObjectIndex/010_USP_ObjectInventory.sql,52215,8c8de74cf6d5725b0dfcddbdabefcec8488a9bc9ef8b25450d41cffbe276ff97,False,False
SQL_Server_Analyze,main,612bcc60d4a8a34c05ab28ffc6ce964e359df6c2,Code/03_ObjectIndex/020_USP_IndexUsage.sql,34465,4f39684686bdf8fe2d6ee0c4402b4dff7ec2eaab1dd4f9a853b76aedf180b22d,False,False
SQL_Server_Analyze,main,612bcc60d4a8a34c05ab28ffc6ce964e359df6c2,Code/03_ObjectIndex/025_USP_IndexOperationalStats.sql,31117,65693bd203cd48109352205eb8ba0a3dd20db5050bd1a691e02d8fea444f2505,False,False
SQL_Server_Analyze,main,612bcc60d4a8a34c05ab28ffc6ce964e359df6c2,Code/03_ObjectIndex/030_USP_MissingIndexes.sql,24660,540e163757ff37f57423155484187bc5b8cc2928a2263701cc0683b7daea63ab,False,False
SQL_Server_Analyze,main,612bcc60d4a8a34c05ab28ffc6ce964e359df6c2,Code/03_ObjectIndex/040_USP_Statistics.sql,37845,5d8c6e127b8b01c5ab063cbc700ff5c9b6f3dfcfa37eadf012e7c1213763318d,False,False
SQL_Server_Analyze,main,612bcc60d4a8a34c05ab28ffc6ce964e359df6c2,Code/03_ObjectIndex/045_USP_StatisticsDistributionAnalysis.sql,38014,702b65c2a4bf82399ef47b78a1409e3cdc2c52008c63b7eb77c2f53b54e41c42,False,False
SQL_Server_Analyze,main,612bcc60d4a8a34c05ab28ffc6ce964e359df6c2,Code/03_ObjectIndex/050_USP_Partitions.sql,27445,858bbb2845317f46108d872d646db648e68a8df1e1b467784b26812f103ae041,False,False
SQL_Server_Analyze,main,612bcc60d4a8a34c05ab28ffc6ce964e359df6c2,Code/03_ObjectIndex/060_USP_Columnstore.sql,39287,db956e7eed3a234d9c71e286df9291a999e1cba5a764df18ce4e1223a0282c19,False,False
SQL_Server_Analyze,main,612bcc60d4a8a34c05ab28ffc6ce964e359df6c2,Code/03_ObjectIndex/070_USP_IndexPhysicalStats.sql,28031,c705ed3b8aa3fcc313b372bf9eb05515a8f94ec2e409ca141575610d3e27b01e,False,False
SQL_Server_Analyze,main,612bcc60d4a8a34c05ab28ffc6ce964e359df6c2,Code/03_ObjectIndex/075_USP_VectorIndexAnalysis.sql,45004,fab2fd5ecedd9b3b53b31bf0831f42adf72c30f15b954657946ce691d880aa0d,False,False
SQL_Server_Analyze,main,612bcc60d4a8a34c05ab28ffc6ce964e359df6c2,Code/03_ObjectIndex/080_USP_ObjectAnalysis.sql,26041,aeb4e4e5ee5524c7dabf75c37e070a35d6ba0d7ce85fa3643a71fb1a19cb523d,False,False
SQL_Server_Analyze,main,612bcc60d4a8a34c05ab28ffc6ce964e359df6c2,Code/03_ObjectIndex/090_USP_SchemaDesignAnalysis.sql,21289,4fc6e3c08a15602830593c9863677727d66da12352090b58469d3d67dc521f96,False,False
SQL_Server_Analyze,main,612bcc60d4a8a34c05ab28ffc6ce964e359df6c2,Code/04_PlanCache/010_USP_QueryStats.sql,27272,6b495f56f45fdcd7c4a88bb982a1eaba492753f50aa266a679b412354d801537,False,False
SQL_Server_Analyze,main,612bcc60d4a8a34c05ab28ffc6ce964e359df6c2,Code/04_PlanCache/020_USP_QueryHashAnalysis.sql,18283,ebfb6e469b5c144c4217bb268203528841d500ecf0886c121c2fb2f28b8f566f,False,False
SQL_Server_Analyze,main,612bcc60d4a8a34c05ab28ffc6ce964e359df6c2,Code/04_PlanCache/030_USP_PlanCacheHealth.sql,15602,e22209fa60963d65b6db51365c7a8e952a07b3081c35f820626e18829963fe5e,False,False
SQL_Server_Analyze,main,612bcc60d4a8a34c05ab28ffc6ce964e359df6c2,Code/04_PlanCache/040_USP_PlanDetails.sql,23763,ea181ff5bd666b152a3e35cc51f2aa6572f6ffbb8cf12cd6c42a2ac85adfbeda,False,False
SQL_Server_Analyze,main,612bcc60d4a8a34c05ab28ffc6ce964e359df6c2,Code/04_PlanCache/041_PlanAnalysisProfile.sql,3475,a80ceff4143ff91784cb52e18755502c6da1df22912a0910440f67bfcd146b46,False,False
SQL_Server_Analyze,main,612bcc60d4a8a34c05ab28ffc6ce964e359df6c2,Code/04_PlanCache/042_PlanAnalysisRuleThreshold.sql,16225,8a206e596361c3bb81e73772f39ad8f4026be5d31b9119e3896f04d8ed9f14ea,False,False
SQL_Server_Analyze,main,612bcc60d4a8a34c05ab28ffc6ce964e359df6c2,Code/04_PlanCache/043_PlanAnalysisProfileAssignment.sql,3399,f94e5b46d9dd82350a922acbf2039cf7d2dbf46a1ae4c1f9dccc3ac9dcb50890,False,False
SQL_Server_Analyze,main,612bcc60d4a8a34c05ab28ffc6ce964e359df6c2,Code/04_PlanCache/044_TVF_ParseStatisticsIoText.sql,9396,991d34f6c8b118485df34bbff8f1dd127c29bd78d54818a335c54235213bee16,False,False
SQL_Server_Analyze,main,612bcc60d4a8a34c05ab28ffc6ce964e359df6c2,Code/04_PlanCache/045_TVF_ParseStatisticsTimeText.sql,5091,67684f26ee29e321e1be72c7b36f7eee54ed3be8254a2dc80bca15ec3c2226e7,False,False
SQL_Server_Analyze,main,612bcc60d4a8a34c05ab28ffc6ce964e359df6c2,Code/04_PlanCache/046_TVF_ExecutionPlanObjectReferences.sql,8830,6cefc5806492b50b46d7f930051ac0a5dd4d6112b0edbb0ec629aa9b215f95ef,False,False
SQL_Server_Analyze,main,612bcc60d4a8a34c05ab28ffc6ce964e359df6c2,Code/04_PlanCache/047_TVF_ExecutionPlanStatisticsUsage.sql,4242,d5f30890df20e992350592227fb73dc6956490f88b69d28168c8c824cc88d4fa,False,False
SQL_Server_Analyze,main,612bcc60d4a8a34c05ab28ffc6ce964e359df6c2,Code/04_PlanCache/048_TVF_ExecutionPlanColumnReferences.sql,6849,bdc37fdb8888628595f308da928c02a4dd89b41e78f5c8e1d36c2775be610d4e,False,False
SQL_Server_Analyze,main,612bcc60d4a8a34c05ab28ffc6ce964e359df6c2,Code/04_PlanCache/049_InternalCollectExecutionPlanMetadata.sql,33584,6632c48eddf7ecc82a32282b204fd22ed70a5b7632bddbe2e24e97a34e9fee88,False,False
SQL_Server_Analyze,main,612bcc60d4a8a34c05ab28ffc6ce964e359df6c2,Code/04_PlanCache/050_USP_ShowplanAnalysis.sql,61960,05b2a9c48f6a1eb39cdd91e299650fded83ad58c3738b1d9bce4309b0e2e3b4c,False,False
SQL_Server_Analyze,main,612bcc60d4a8a34c05ab28ffc6ce964e359df6c2,Code/04_PlanCache/051_InternalAnalyzeExecutionPlan.sql,93835,fd784c1e2a7969924193592644d54ddc12ee74b37481f7b9c2c5b0d7ad100a94,False,False
SQL_Server_Analyze,main,612bcc60d4a8a34c05ab28ffc6ce964e359df6c2,Code/04_PlanCache/052_USP_CreateExecutionEvidenceJson.sql,64417,024aa6c5758fb4183bc4fbbc953e63f50de51e93d113b26b956b7d877f5fc81e,False,False
SQL_Server_Analyze,main,612bcc60d4a8a34c05ab28ffc6ce964e359df6c2,Code/04_PlanCache/053_USP_ExecutionPlanAnalysis.sql,115739,4d89435aae4712b314c8e06229a17a75e190110eed33284500f50453b3bccf58,False,False
SQL_Server_Analyze,main,612bcc60d4a8a34c05ab28ffc6ce964e359df6c2,Code/04_PlanCache/060_USP_PlanCacheAnalysis.sql,16966,c63f0f396d5380121bc94599f50a2646a9169f6936fa15c4f4abc5728a2ac7c3,False,False
SQL_Server_Analyze,main,612bcc60d4a8a34c05ab28ffc6ce964e359df6c2,Code/05_QueryStore/010_USP_QueryStoreStatus.sql,16890,9d8a80d95b3efab88108d6ad776e3f9cb9997675280eccf48cff2739443398c2,False,False
SQL_Server_Analyze,main,612bcc60d4a8a34c05ab28ffc6ce964e359df6c2,Code/05_QueryStore/020_USP_QueryStoreRuntimeStats.sql,37961,fda6c35769424291d3880f9516c4a92a4bc63d15947f89d4f93fca5ea9d91b08,False,False
SQL_Server_Analyze,main,612bcc60d4a8a34c05ab28ffc6ce964e359df6c2,Code/05_QueryStore/030_USP_QueryStoreWaitStats.sql,16404,7e864e2326321a4b08fd68a6e771d16388efece122cf34e32b06ac808f6948ad,False,False
SQL_Server_Analyze,main,612bcc60d4a8a34c05ab28ffc6ce964e359df6c2,Code/05_QueryStore/040_USP_QueryStorePlanChanges.sql,21451,223a7bb34c39f635b44adbdff6d6c9d1792156baf0103bb882179fd77527340b,False,False
SQL_Server_Analyze,main,612bcc60d4a8a34c05ab28ffc6ce964e359df6c2,Code/05_QueryStore/050_USP_QueryStoreRegressions.sql,18917,8c9029f7702e325d79bde0f079e4082af2b6534f07d7e1089ca460e480646f07,False,False
SQL_Server_Analyze,main,612bcc60d4a8a34c05ab28ffc6ce964e359df6c2,Code/05_QueryStore/060_USP_QueryStoreForcedPlans.sql,16445,278788494e5487fb518d75861f48c2bf84d364c6ba67db9b95e0a7a9d4d895c0,False,False
SQL_Server_Analyze,main,612bcc60d4a8a34c05ab28ffc6ce964e359df6c2,Code/05_QueryStore/070_USP_QueryStoreHints.sql,10925,e2a6bfa11529d7fab57cd6554ab8ca4bc6ce3e04d48aeced5b0179bba1262008,False,False
SQL_Server_Analyze,main,612bcc60d4a8a34c05ab28ffc6ce964e359df6c2,Code/05_QueryStore/080_USP_QueryStoreAnalysis.sql,16472,5b2e98519877dd467e86c90140df67913249f4960708b10a60e0d556837a18c6,False,False
SQL_Server_Analyze,main,612bcc60d4a8a34c05ab28ffc6ce964e359df6c2,Code/05_QueryStore/090_USP_IntelligentQueryProcessingAnalysis.sql,19525,b7995d16c75d9f2f878a9f304bf191491c9918127211e61303d9e06fef7c9819,False,False
SQL_Server_Analyze,main,612bcc60d4a8a34c05ab28ffc6ce964e359df6c2,Code/06_ExtendedEvents/010_USP_ExtendedEventsSessions.sql,34663,642549c299eab4078964122b5eabb76cee59e0e6c9c96f8fad8c95943521aa4e,False,False
SQL_Server_Analyze,main,612bcc60d4a8a34c05ab28ffc6ce964e359df6c2,Code/06_ExtendedEvents/020_USP_ExtendedEventsReadEvents.sql,29254,4b93c3da99df0fc79d3354b2b8315714d7177c9b29fe1d3baf869b33ebeae0e6,False,False
SQL_Server_Analyze,main,612bcc60d4a8a34c05ab28ffc6ce964e359df6c2,Code/06_ExtendedEvents/030_USP_ExtendedEventsDeadlocks.sql,26046,92d9ab3882af7e0b1906c2bfd86f0a033050a76c14eaa15148a02e56e4df5b2a,False,False
SQL_Server_Analyze,main,612bcc60d4a8a34c05ab28ffc6ce964e359df6c2,Code/06_ExtendedEvents/040_USP_ExtendedEventsBlockedProcesses.sql,26612,8d262727a26b8354127510df93df0f93ce4bdacd533e806406f3bb0652763429,False,False
SQL_Server_Analyze,main,612bcc60d4a8a34c05ab28ffc6ce964e359df6c2,Code/06_ExtendedEvents/050_USP_ExtendedEventsTargetRuntime.sql,14385,d601f020f92f24fb673296f311e898c73f7bf514f2dcafb718943a3af48a4413,False,False
SQL_Server_Analyze,main,612bcc60d4a8a34c05ab28ffc6ce964e359df6c2,Code/06_ExtendedEvents/060_USP_ExtendedEventsAnalysis.sql,12781,76241d806297c4f1d08dab0c1abe003f8d5fdfc5a3a7044a02f3035566a47116,False,False
SQL_Server_Analyze,main,612bcc60d4a8a34c05ab28ffc6ce964e359df6c2,Code/07_Infrastructure/010_USP_AgentStatus.sql,8027,c0398e58178f853a94a9dd4f058911730d84fc5ca234b9e5f702948939ef9b26,False,False
SQL_Server_Analyze,main,612bcc60d4a8a34c05ab28ffc6ce964e359df6c2,Code/07_Infrastructure/020_USP_AgentJobs.sql,17929,0eab52920dc81c0bbcefce574550cc378bce7bb9ec0bb032bfa3e621458852e8,False,False
SQL_Server_Analyze,main,612bcc60d4a8a34c05ab28ffc6ce964e359df6c2,Code/07_Infrastructure/030_USP_ResourceGovernorAnalysis.sql,45762,e6d9700bcbe25f8ef3a9693f43d7f56be9dbecaee524480e5bcb2516eaf3377f,False,False
SQL_Server_Analyze,main,612bcc60d4a8a34c05ab28ffc6ce964e359df6c2,Code/07_Infrastructure/040_USP_AvailabilityGroups.sql,11872,4c73e2772b706719d04970378d8f47b105112922ca63d1ac372d51ba100c1d72,False,False
SQL_Server_Analyze,main,612bcc60d4a8a34c05ab28ffc6ce964e359df6c2,Code/07_Infrastructure/050_USP_BackupRecovery.sql,16812,e030546d5484b27ad0d8ebff0a0f54829bc98d8c325fc4f4498b7dfb4b5dc648,False,False
SQL_Server_Analyze,main,612bcc60d4a8a34c05ab28ffc6ce964e359df6c2,Code/07_Infrastructure/060_USP_LogShippingStatus.sql,9443,66142713e77057172a3961bb5286e77b1d9577fdb09e9ad48bcc65792e8d85c5,False,False
SQL_Server_Analyze,main,612bcc60d4a8a34c05ab28ffc6ce964e359df6c2,Code/07_Infrastructure/070_USP_ReplicationStatus.sql,11114,c801a0f4b64447ee6c454a72fffde0b7578e1120982c254ba7431e54505f651d,False,False
SQL_Server_Analyze,main,612bcc60d4a8a34c05ab28ffc6ce964e359df6c2,Code/07_Infrastructure/080_USP_DataCaptureStatus.sql,19614,a863444e306f5b767bece079af74dfff82380212fe3fce79941d1cdc5e39386a,False,False
SQL_Server_Analyze,main,612bcc60d4a8a34c05ab28ffc6ce964e359df6c2,Code/07_Infrastructure/090_USP_InfrastructureAnalysis.sql,19747,feb312683bbf975517e35b4ac0aa8bfc5420d460358b25064b726a48864e65da,False,False
SQL_Server_Analyze,main,612bcc60d4a8a34c05ab28ffc6ce964e359df6c2,Code/07_Infrastructure/100_USP_BackupChainAnalysis.sql,21389,cbf93ecbe451e57d08fbcbfe75050b5b6abf7e44d2f19844e9d852e0cfd8ed0b,False,False
SQL_Server_Analyze,main,612bcc60d4a8a34c05ab28ffc6ce964e359df6c2,Code/07_Infrastructure/110_USP_AvailabilityDeepAnalysis.sql,20861,5a8904e1eff0ecf3cd89d3b5336fd67f872421d5264bb484a44757b8d8aab33e,False,False
SQL_Server_Analyze,main,612bcc60d4a8a34c05ab28ffc6ce964e359df6c2,Code/07_Infrastructure/120_USP_AgentMonitoringAnalysis.sql,19223,f3560098df16d740af13eef7023225c9a82d6fb4ed8d226901c31ea4d42b44b7,False,False
SQL_Server_Analyze,main,612bcc60d4a8a34c05ab28ffc6ce964e359df6c2,Code/07_Infrastructure/130_USP_MaintenanceOperations.sql,28731,ce881791288a2fb755b3306d5b7f5907a010c83f5244a69cde6de86ba31e06d0,False,False
SQL_Server_Analyze,main,612bcc60d4a8a34c05ab28ffc6ce964e359df6c2,Code/07_Infrastructure/140_USP_ErrorLogAnalysis.sql,24254,7fd99910c8469ea6652f1318d9da06240c98dc3df4c87bba06f6a19a92dc3c1d,False,False
SQL_Server_Analyze,main,612bcc60d4a8a34c05ab28ffc6ce964e359df6c2,Code/08_ServerHealth/010_USP_ServerCpuTopology.sql,6636,485d2b73ab74ab3a58a5a1bfde914de8f0e42dba471b3b7db5dbc51605c6a7f0,False,False
SQL_Server_Analyze,main,612bcc60d4a8a34c05ab28ffc6ce964e359df6c2,Code/08_ServerHealth/020_USP_ServerNuma.sql,6459,ec78b204741f542fee2c7d143db4fd9eb233b82106527424875d07ddd15e30ee,False,False
SQL_Server_Analyze,main,612bcc60d4a8a34c05ab28ffc6ce964e359df6c2,Code/08_ServerHealth/030_USP_ServerMemory.sql,8231,1256d20bbe1cf6359a5a864a2247bb83c1314f8b68c7a077958ab3c59a4a9e5e,False,False
SQL_Server_Analyze,main,612bcc60d4a8a34c05ab28ffc6ce964e359df6c2,Code/08_ServerHealth/040_USP_TempDBConfiguration.sql,5402,bf4e1ab901dbdc07b212fb5cc6137339120ff824057469c7bcc7b1a1399f7e81,False,False
SQL_Server_Analyze,main,612bcc60d4a8a34c05ab28ffc6ce964e359df6c2,Code/08_ServerHealth/050_USP_ServerConfiguration.sql,6445,1c4c15c9839ca1522403dbdaa600adfb4dec18089ce02b3d3e86c687c240e18d,False,False
SQL_Server_Analyze,main,612bcc60d4a8a34c05ab28ffc6ce964e359df6c2,Code/08_ServerHealth/060_USP_TraceFlags.sql,4112,08f3d8e07c628e2c90726d17b4fe725243cde3200fe28ca09b238fcb6140843f,False,False
SQL_Server_Analyze,main,612bcc60d4a8a34c05ab28ffc6ce964e359df6c2,Code/08_ServerHealth/070_USP_StartupParameters.sql,5484,1f2bc3fb94662a9537716abc8d2a6c3c9a263716d7d2937e1fcc4ea90b92c2ec,False,False
SQL_Server_Analyze,main,612bcc60d4a8a34c05ab28ffc6ce964e359df6c2,Code/08_ServerHealth/080_USP_OSInformation.sql,8649,c758c9c5af6187a1794e2d61f137f8f032db82c8dee6583f596c891b3d0065b5,False,False
SQL_Server_Analyze,main,612bcc60d4a8a34c05ab28ffc6ce964e359df6c2,Code/08_ServerHealth/090_USP_ServerSecurityConfiguration.sql,13267,14c2dd321bacdf1772140ef09f47b1394c5b548ce0e0c39811403214886537f5,False,False
SQL_Server_Analyze,main,612bcc60d4a8a34c05ab28ffc6ce964e359df6c2,Code/08_ServerHealth/100_USP_ServerHealthAnalysis.sql,27916,2a2d591a4b8a0c740752b522594ca2278d05fe1b01e890c584047e776e8317de,False,False
SQL_Server_Analyze,main,612bcc60d4a8a34c05ab28ffc6ce964e359df6c2,Code/08_ServerHealth/110_USP_DatabaseIntegrityAnalysis.sql,20018,487099de163d6441f4b57f446ae1be1e9e8ebefb4afc2339ecf6bc96ec1519c7,False,False
SQL_Server_Analyze,main,612bcc60d4a8a34c05ab28ffc6ce964e359df6c2,Code/08_ServerHealth/120_USP_DatabaseCapacityAnalysis.sql,15965,ea3f9b74237b012c70f5dbe106640ca53ff3aa38fef60d7458ce9cce4ce1ac4f,False,False
SQL_Server_Analyze,main,612bcc60d4a8a34c05ab28ffc6ce964e359df6c2,Code/08_ServerHealth/130_USP_PerformanceCounters.sql,14963,04c3d5e336da1f1b8e772d0c9a81ee2bef0a15ee6f1b2a05a6f470f68dc1eedc,False,False
SQL_Server_Analyze,main,612bcc60d4a8a34c05ab28ffc6ce964e359df6c2,Code/08_ServerHealth/140_USP_CriticalEngineEvents.sql,18067,fad8ac8d6deb97821d666b46c8b6ebb03948c349857a0e614322d6f98ad8392e,False,False
SQL_Server_Analyze,main,612bcc60d4a8a34c05ab28ffc6ce964e359df6c2,Code/08_ServerHealth/150_USP_InternalContentionAnalysis.sql,19945,6797c9db59962006e074f9a5a4b55527158f0b0405b68d6475671f1db18fbb3d,False,False
SQL_Server_Analyze,main,612bcc60d4a8a34c05ab28ffc6ce964e359df6c2,Code/08_ServerHealth/160_USP_BufferPoolAnalysis.sql,16046,1540a411072d457c29a75da9a308a4ef55e9f787ccb79a3b362df3f505a09c58,False,False
SQL_Server_Analyze,main,612bcc60d4a8a34c05ab28ffc6ce964e359df6c2,Code/08_ServerHealth/170_USP_DiagnosticFindings.sql,45086,c2afeb27d362c4ba8ab43684462117f4e758223b2565a68a36656329ed936feb,False,False
SQL_Server_Analyze,main,612bcc60d4a8a34c05ab28ffc6ce964e359df6c2,Code/08_ServerHealth/180_USP_WorkerPressureAnalysis.sql,29666,1f7e38dda3111b0a30820b138bf72186a7dbf18dbcfacd39c1d4b2c172c387d6,False,False
SQL_Server_Analyze,main,612bcc60d4a8a34c05ab28ffc6ce964e359df6c2,Code/08_ServerHealth/190_USP_DatabaseConfigurationAnalysis.sql,31904,75da3ad8ae7a5b9faa8d1590e05ae4053ee2d08fdc8a8d9272519dc5ecbdaa6d,False,False
SQL_Server_Analyze,main,612bcc60d4a8a34c05ab28ffc6ce964e359df6c2,Code/09_VersionAdaptive/005_Deprecated_Object_Cleanup.sql,2962,41053c83fe7560ad18fe6cdd5f09c6eadb968edd90749982f51bfe2d2b49d212,False,False
SQL_Server_Analyze,main,612bcc60d4a8a34c05ab28ffc6ce964e359df6c2,Code/09_VersionAdaptive/010_USP_ServerFeatureCapabilities.sql,36161,823174629645f71458fc64292669f30d2860dc9b0340ca37dd1e76816e171716,False,False
SQL_Server_Analyze,main,612bcc60d4a8a34c05ab28ffc6ce964e359df6c2,Code/09_VersionAdaptive/011_SqlServerBuildCatalog.sql,7869,bcbbbd00b588459015d800434c76a7e0871e187915e4dee57774b5247e198f9d,False,False
SQL_Server_Analyze,main,612bcc60d4a8a34c05ab28ffc6ce964e359df6c2,Code/09_VersionAdaptive/012_SqlServerLifecycleCatalog.sql,2955,491b3f89a8d7e2787b4f0b8801471e5bfe42bbebc16f243e1621eb79af16379a,False,False
SQL_Server_Analyze,main,612bcc60d4a8a34c05ab28ffc6ce964e359df6c2,Code/09_VersionAdaptive/015_USP_ServerVersionInformation.sql,30064,8e41554eab55b6838113f48b61a1e33f668ce7eceeaf01fbdad797da41641a57,False,False
SQL_Server_Analyze,main,612bcc60d4a8a34c05ab28ffc6ce964e359df6c2,Code/09_VersionAdaptive/020_USP_SpecialFeatureInventory.sql,32353,5dac876521e02c31a12593ecf86c91762bdd1766cdd284de809ddd6aebf1db71,False,False
SQL_Server_Analyze,main,612bcc60d4a8a34c05ab28ffc6ce964e359df6c2,Code/09_VersionAdaptive/030_USP_InMemoryOltpAnalysis.sql,57105,44b200e60f02c6b3f50b79b7f558bc8d89da039fc6d3ff1a5bdcc9fbdb105ecd,False,False
SQL_Server_Analyze,main,612bcc60d4a8a34c05ab28ffc6ce964e359df6c2,Code/09_VersionAdaptive/040_USP_TemporalAnalysis.sql,48365,f37fc2ea830b8450da1d7a76bb95e1994c455af2a5acb99359c9c869e35194b2,False,False
SQL_Server_Analyze,main,612bcc60d4a8a34c05ab28ffc6ce964e359df6c2,Code/09_VersionAdaptive/050_USP_ServiceBrokerAnalysis.sql,59324,2be9de7327fc6f90abdb4931c6a8ea84bc981cb6896970a03fcc9dd6df914e34,False,False
SQL_Server_Analyze,main,612bcc60d4a8a34c05ab28ffc6ce964e359df6c2,Code/09_VersionAdaptive/060_USP_FullTextAnalysis.sql,72958,509639051b0de3d1fccb9eef74fc91267e895f19af53c992e5b9945a8d2e06fb,False,False
SQL_Server_Analyze,main,612bcc60d4a8a34c05ab28ffc6ce964e359df6c2,Code/09_VersionAdaptive/070_USP_DataCaptureDeepAnalysis.sql,83108,0a7fbec721079e1109fcd97c4c71a235cefa18d990fa5fcba69c25f42156765a,False,False
SQL_Server_Analyze,main,612bcc60d4a8a34c05ab28ffc6ce964e359df6c2,Code/09_VersionAdaptive/080_USP_EncryptionAnalysis.sql,23602,a52a36cadcaa1981f1e48f9a830e77eab189007c46d86f2456187d0418e8af03,False,False
SQL_Server_Analyze,main,612bcc60d4a8a34c05ab28ffc6ce964e359df6c2,Code/09_VersionAdaptive/090_USP_ExternalRuntimeAnalysis.sql,69676,f779ec498cb4bc3900a29447aed4e3a29d29eda9f3216bb073b0ed1f8749a0f3,False,False
SQL_Server_Analyze,main,612bcc60d4a8a34c05ab28ffc6ce964e359df6c2,Code/09_VersionAdaptive/100_USP_ClrAnalysis.sql,62057,d55f74a94099eb93ea88120ba6ce85ffd680a8cbc7c4a211a7b65b3389da055c,False,False
SQL_Server_Analyze,main,612bcc60d4a8a34c05ab28ffc6ce964e359df6c2,Code/09_VersionAdaptive/500_USP_FrameworkUsageFromQueryStore.sql,6367,f452d308c8109e6750a1083a4695cb160c03a48959f2b235f2d6cc6a8fa871ca,False,False
SQL_Server_Analyze,main,612bcc60d4a8a34c05ab28ffc6ce964e359df6c2,Code/10_SnapshotBaseline/010_SnapshotTargetConfiguration.sql,2584,8597a3f7a011ff7be4e78ec2d7aca919bea00f5d932c34fe2fbbffba943f10f8,False,False
SQL_Server_Analyze,main,612bcc60d4a8a34c05ab28ffc6ce964e359df6c2,Code/10_SnapshotBaseline/020_InternalConfigureSnapshotPolicy.sql,3135,e56d0e1976ff6db332d01f2dea3195cbc4701ad3d8e3c80d17e98569affe69d2,False,False
SQL_Server_Analyze,main,612bcc60d4a8a34c05ab28ffc6ce964e359df6c2,Code/10_SnapshotBaseline/030_Snapshot_Target_Schema.sql,26536,0290cd011644433739955126fdae1b5f8646b4802a36952835caf0cdee10384f,False,False
SQL_Server_Analyze,main,612bcc60d4a8a34c05ab28ffc6ce964e359df6c2,Code/10_SnapshotBaseline/040_InternalPrepareCollectionCycle.sql,3659,a7713788bbc7fdb106b70c5db39c6ecec794111cfac05ee435c388b94de44130,False,False
SQL_Server_Analyze,main,612bcc60d4a8a34c05ab28ffc6ce964e359df6c2,Code/10_SnapshotBaseline/050_InternalCompletePerformanceCounterCycle.sql,10519,5eed4455e06fdaf064603c22f62b92ae9261fe5e86f4a83e2ecb22cc99687a9e,False,False
SQL_Server_Analyze,main,612bcc60d4a8a34c05ab28ffc6ce964e359df6c2,Code/10_SnapshotBaseline/060_InternalFinalizeCollectionCycle.sql,850,e65343768cb8ad6cd9507c81bec030808632ecfa206f609e69b293dbe68430b5,False,False
SQL_Server_Analyze,main,612bcc60d4a8a34c05ab28ffc6ce964e359df6c2,Code/10_SnapshotBaseline/070_InternalPurgeExpiredData.sql,7089,ebf85095ea0800d39ac05daf136a5c6a20d10b3a4742d890883d44ce53cea408,False,False
SQL_Server_Analyze,main,612bcc60d4a8a34c05ab28ffc6ce964e359df6c2,Code/10_SnapshotBaseline/080_USP_ConfigureSnapshotTarget.sql,5695,15e50d16f20f136096cad09baf33dbb8122e0d1ed234dc37d45cf9ec853bb51a,False,False
SQL_Server_Analyze,main,612bcc60d4a8a34c05ab28ffc6ce964e359df6c2,Code/10_SnapshotBaseline/090_USP_RunSnapshotCollectionCycle.sql,15451,5c46bb97b3b81fdc108c911c55a60fc7f937d776a617e9d2f0e6f5ac223133a6,False,False
SQL_Server_Analyze,main,612bcc60d4a8a34c05ab28ffc6ce964e359df6c2,Code/10_SnapshotBaseline/100_USP_PurgeSnapshotData.sql,8915,c1c804e1fd18bcf63754707443fea55dcf71ebae2417dbe1b19caa1a8063eeb0,False,False
SQL_Server_Analyze,main,612bcc60d4a8a34c05ab28ffc6ce964e359df6c2,Code/Examples/040_Schnellreferenz_Aufrufe.sql,6851,372211916dbb1f09eb6cb9125061e9c998dece477c9e78922325b12c2ea1602c,False,False
SQL_Server_Analyze,main,612bcc60d4a8a34c05ab28ffc6ce964e359df6c2,Code/Examples/041_Beispielaufrufe_Alle_Funktionalitaeten.sql,7114,4c3947cebc1533f7432641ea08c8c494dd243c24b8057a8ea4b502bc53cdfdf8,False,False
SQL_Server_Analyze,main,612bcc60d4a8a34c05ab28ffc6ce964e359df6c2,Code/Examples/050_Authorization_Examples.sql,4565,38cdf2a830a2e2cd7df7e03378d52c1b0bc0a589f2bdb30aac520b1404254107,False,False
SQL_Server_Analyze,main,612bcc60d4a8a34c05ab28ffc6ce964e359df6c2,Code/Install/.gitignore,15,ebf1992c950ff80c0f691f995ada05185506ddbb4a01139f07d01b9c57c027cd,False,False
SQL_Server_Analyze,main,612bcc60d4a8a34c05ab28ffc6ce964e359df6c2,Code/Install/Build-ExecutionPlanAnalysisInstaller.ps1,2172,67136c28c120dc5e86f08fb8c3bd6426f5d5b84210d115ea516a373bc9aa48be,False,False
SQL_Server_Analyze,main,612bcc60d4a8a34c05ab28ffc6ce964e359df6c2,Code/Install/Build-SnapshotBaselineInstallers.ps1,5816,18c2f7ee9f9511fedbfeee4e81498c90acc9155eae581cae49975ac6509d7ead,False,False
SQL_Server_Analyze,main,612bcc60d4a8a34c05ab28ffc6ce964e359df6c2,Code/Install/Build-StandaloneInstaller.ps1,2086,5a61041d7cc4b6cedcc58543a2cb740914c57d0eda33d04ff674fc446d63cda2,False,False
SQL_Server_Analyze,main,612bcc60d4a8a34c05ab28ffc6ce964e359df6c2,Code/Install/Install_All.sql,8641,441fbe672ee1d6d892ecf0b2babce7f847ad94c4da0cfbf6d81e6381096a0777,False,False
SQL_Server_Analyze,main,612bcc60d4a8a34c05ab28ffc6ce964e359df6c2,Code/Install/Install_ExecutionPlanAnalysis.sql,1576,d0234317b49b8d653573d9d35d3205e920323ca7a5f329e0cc2c7b014999ccd0,False,False
SQL_Server_Analyze,main,612bcc60d4a8a34c05ab28ffc6ce964e359df6c2,Code/Install/Install_SnapshotBaseline_Framework.sql,571,76ec96f6d58cdefc7297f9901a4f9c72c12a8416cf10b54cc83f8a6ea8495236,False,False
SQL_Server_Analyze,main,612bcc60d4a8a34c05ab28ffc6ce964e359df6c2,Code/Install/Install_SnapshotBaseline_Target.sql,623,0c1a9c5399381a8df499fac8a65cbbeb7b3ea11f7f532d047961b5b435a449cb,False,False
SQL_Server_Analyze,main,612bcc60d4a8a34c05ab28ffc6ce964e359df6c2,Code/Install/README.md,2579,148d244206bf1f4c9e791e5d5c56ef5eada85e95925aeba813e71627fff97284,False,False
SQL_Server_Analyze,main,612bcc60d4a8a34c05ab28ffc6ce964e359df6c2,Code/Install/generated/README.md,348,101b12b979c2c18bf3abf33e562db2d5b38cda6f4bae3469d187ddf9e494b787,False,False
SQL_Server_Analyze,main,612bcc60d4a8a34c05ab28ffc6ce964e359df6c2,Code/Tests/Common/090_Test_und_Abnahme_Phase1A.sql,688,6c35e77f9ec16e83adac2f1b995978242aac18e5e2d482af5f40b01472c82046,False,False
SQL_Server_Analyze,main,612bcc60d4a8a34c05ab28ffc6ce964e359df6c2,Code/Tests/CurrentState/110_Test_und_Abnahme_Phase1B.sql,5467,280d4f170218ad72d567a533b703953f3b48c644e83e533f05779241d823bb6f,False,False
SQL_Server_Analyze,main,612bcc60d4a8a34c05ab28ffc6ce964e359df6c2,Code/Tests/ExtendedEvents/110_Test_und_Abnahme_Phase5.sql,208,b21d84170796c6c75e8c98bf87ae7b7703770b80ab4af4276c4033f9c6f5b6c3,False,False
SQL_Server_Analyze,main,612bcc60d4a8a34c05ab28ffc6ce964e359df6c2,Code/Tests/Infrastructure/110_Test_und_Abnahme_Phase6.sql,253,b3e59e2ed65f7210dc065a85e84fc2d9ea75c47dc1051c726b5b939ed44d3666,False,False
SQL_Server_Analyze,main,612bcc60d4a8a34c05ab28ffc6ce964e359df6c2,Code/Tests/Infrastructure/122_SQL25_TempDB_Resource_Governance_Runtime_Contract.sql,25581,3ab3dde29d27687bd554aaa22683cf006ebc480872d2e6eb2c48526c2870cd0b,False,False
SQL_Server_Analyze,main,612bcc60d4a8a34c05ab28ffc6ce964e359df6c2,Code/Tests/Integration/110_Smoke_Test.sql,12808,39526a6fd6c0dd7ce1bd81bfb997065954e299928f89972f6047f659d7ce3f88,False,False
SQL_Server_Analyze,main,612bcc60d4a8a34c05ab28ffc6ce964e359df6c2,Code/Tests/Integration/122_DIAG004_Request_Context_Runtime_Contract.sql,8745,08dd7b1cdc3bf16d6177b0f836bf5a1595be4853750180d67f740e9901d296f8,False,False
SQL_Server_Analyze,main,612bcc60d4a8a34c05ab28ffc6ce964e359df6c2,Code/Tests/Integration/163_Parameter_API_Vertrag.sql,1629,448a1867d200adf1687cfa195c67867d677755bf48741ce43bef496f69c5d538,False,False
SQL_Server_Analyze,main,612bcc60d4a8a34c05ab28ffc6ce964e359df6c2,Code/Tests/Integration/165_Filter_Output_Contract.sql,18957,e1dbaf49e05833adfddc0120bca319445528a876a1c2bd2439e4bed0857a44fa,False,False
SQL_Server_Analyze,main,612bcc60d4a8a34c05ab28ffc6ce964e359df6c2,Code/Tests/Integration/167_Special_Case_API_Contract.sql,17345,8f40e3db0f30f4804f02c506beb1d93b30e663406d116ee8f99f59ff32311917,False,False
SQL_Server_Analyze,main,612bcc60d4a8a34c05ab28ffc6ce964e359df6c2,Code/Tests/Integration/168_Special_Case_Runtime_Contract.sql,5170,7940f5912f3c35e0610c20cfdeef04f39c0ef27ff8166483ba77b654ae52bdd1,False,False
SQL_Server_Analyze,main,612bcc60d4a8a34c05ab28ffc6ce964e359df6c2,Code/Tests/Integration/169_P0_Runtime_Contract.sql,18904,19fc4df8bc870840196048f8e6becf92c44331fdb37f71b5a00c5f174834e1de,False,False
SQL_Server_Analyze,main,612bcc60d4a8a34c05ab28ffc6ce964e359df6c2,Code/Tests/Integration/170_P1_IQP_Runtime_Contract.sql,6721,88139663f7d5daf50b5bcd68c49e28e27fb43339d97ca84b5d9735a995286059,False,False
SQL_Server_Analyze,main,612bcc60d4a8a34c05ab28ffc6ce964e359df6c2,Code/Tests/Integration/171_P1_Contention_Runtime_Contract.sql,6234,43ee8a4afe31a39d2f782043df7f779105128ff36f28e56dae561070f864018c,False,False
SQL_Server_Analyze,main,612bcc60d4a8a34c05ab28ffc6ce964e359df6c2,Code/Tests/Integration/172_P1_Memory_Runtime_Contract.sql,5405,4dd36e0bd973a3000c67b816ce2305d377723415d96763fabb019b3f1195d962,False,False
SQL_Server_Analyze,main,612bcc60d4a8a34c05ab28ffc6ce964e359df6c2,Code/Tests/Integration/173_P1_Backup_Runtime_Contract.sql,8429,5b74cc9d34873e399c9cac6337c3f7aef340a281ad9e9362891db3c812fda65e,False,False
SQL_Server_Analyze,main,612bcc60d4a8a34c05ab28ffc6ce964e359df6c2,Code/Tests/Integration/174_P1_Schema_Runtime_Contract.sql,5725,d1b1255d2fdc6482e131b36ca376e7ac5240afbd46675259cc4b15f04f7149a1,False,False
SQL_Server_Analyze,main,612bcc60d4a8a34c05ab28ffc6ce964e359df6c2,Code/Tests/Integration/175_P1_Statistics_Runtime_Contract.sql,23452,ea54eebef358f59789073034851692a0ca820c6e1524ea922b761b13553802b0,False,False
SQL_Server_Analyze,main,612bcc60d4a8a34c05ab28ffc6ce964e359df6c2,Code/Tests/Integration/176_P1_Availability_Runtime_Contract.sql,3417,f42ea6e397e6fdd7f21cb49800d4e0317329c5a7cb74d6112651af835778a199,False,False
SQL_Server_Analyze,main,612bcc60d4a8a34c05ab28ffc6ce964e359df6c2,Code/Tests/Integration/177_P1_Agent_Runtime_Contract.sql,3308,8021624eeb9b9d3802edcbe7c81c9c60e1498feb9024a625f8cea7b23dee5051,False,False
SQL_Server_Analyze,main,612bcc60d4a8a34c05ab28ffc6ce964e359df6c2,Code/Tests/Integration/178_P1_Diagnostic_Findings_Runtime_Contract.sql,10904,fbef15ec9027ae6c2c79ae260cefb42e7cf5577f6ea48aa2748bccdedcea5948,False,False
SQL_Server_Analyze,main,612bcc60d4a8a34c05ab28ffc6ce964e359df6c2,Code/Tests/Integration/179_P2_Special_Feature_Inventory_Runtime_Contract.sql,15196,1a8e68426e527c0d2edb90da3fb4a367d4fe0b780540864d97c6027258340304,False,False
SQL_Server_Analyze,main,612bcc60d4a8a34c05ab28ffc6ce964e359df6c2,Code/Tests/Integration/180_P2_InMemory_Oltp_Runtime_Contract.sql,5437,526e24153a43f6311f34d1d064334216d2efc3815a41cb25c3ac253198198e9b,False,False
SQL_Server_Analyze,main,612bcc60d4a8a34c05ab28ffc6ce964e359df6c2,Code/Tests/Integration/181_P2_Temporal_Runtime_Contract.sql,12779,e86ebff8ae55d9ede7b6bfdd26bd52d6a2bada016a8316d18bd9851c4c338417,False,False
SQL_Server_Analyze,main,612bcc60d4a8a34c05ab28ffc6ce964e359df6c2,Code/Tests/Integration/182_P2_Service_Broker_Runtime_Contract.sql,13694,47529bdb01d02a25797f6b935458c0d1ef00899c971c6520f45ae01b61488fa9,False,False
SQL_Server_Analyze,main,612bcc60d4a8a34c05ab28ffc6ce964e359df6c2,Code/Tests/Integration/183_P2_FullText_Runtime_Contract.sql,6538,d77f4b2df46062b1d30fcb9d50872897d4ce6f2456eabada007819eb7c94c196,False,False
SQL_Server_Analyze,main,612bcc60d4a8a34c05ab28ffc6ce964e359df6c2,Code/Tests/Integration/184_P2_Data_Capture_Runtime_Contract.sql,14016,0bbc742857c482b883430b466ddf9dcadaa511a31e167cb2681de117f75591c7,False,False
SQL_Server_Analyze,main,612bcc60d4a8a34c05ab28ffc6ce964e359df6c2,Code/Tests/Integration/185_P2_Encryption_Runtime_Contract.sql,6493,9df383e95d9de6739afc005f6ef31b8f9724144c6197e48210b8d39ae23bf219,False,False
SQL_Server_Analyze,main,612bcc60d4a8a34c05ab28ffc6ce964e359df6c2,Code/Tests/Integration/186_P2_Maintenance_Runtime_Contract.sql,5835,c567b7491e28e372284cfbb0f4669acae713ae5af9c706334f93ff49e43d52d7,False,False
SQL_Server_Analyze,main,612bcc60d4a8a34c05ab28ffc6ce964e359df6c2,Code/Tests/Integration/187_Table_Output_Runtime_Contract.sql,12130,457ddedba498635708f8ea6f1c27d7378a931523117ff74f3829aee57021370f,False,False
SQL_Server_Analyze,main,612bcc60d4a8a34c05ab28ffc6ce964e359df6c2,Code/Tests/Integration/188_Framework_Output_Pilot_Runtime_Contract.sql,14885,9c23dd6e843b4bf0e93883681d39971315ccc5461d22684514cee89286db8ae6,False,False
SQL_Server_Analyze,main,612bcc60d4a8a34c05ab28ffc6ce964e359df6c2,Code/Tests/Integration/189_Framework_Output_Runtime_Contract.sql,9615,55f7cdd45a34a0aad5ee4c5efc247321c1324362a604814388d162e5923736e8,False,False
SQL_Server_Analyze,main,612bcc60d4a8a34c05ab28ffc6ce964e359df6c2,Code/Tests/Integration/190_Wave1_Output_Xml_Version_Runtime_Contract.sql,12290,ba765f18ed561f4659069f21d80248edab565734507bdc84914a01db5a81170e,False,False
SQL_Server_Analyze,main,612bcc60d4a8a34c05ab28ffc6ce964e359df6c2,Code/Tests/Integration/191_Standalone_Installer_Contract.ps1,2699,646603d7195f06d5a58fc91eaa5df9a9b0384124f7741e9783851479c2fdf996,False,False
SQL_Server_Analyze,main,612bcc60d4a8a34c05ab28ffc6ce964e359df6c2,Code/Tests/Integration/191_Wave2_Operational_Diagnostics_Runtime_Contract.sql,12402,4dc2b3e410d1158d26d27bcd93a3d060efa0035c4d165a3986c3af82cd41789c,False,False
SQL_Server_Analyze,main,612bcc60d4a8a34c05ab28ffc6ce964e359df6c2,Code/Tests/Integration/192_ExecutionPlanAnalysis_Installer_Contract.ps1,3866,ae5f16e184a08b5976fd5deb606850af4cf6d94288c539e71e16f98044b938de,False,False
SQL_Server_Analyze,main,612bcc60d4a8a34c05ab28ffc6ce964e359df6c2,Code/Tests/Integration/193_ExecutionPlanAnalysis_Standalone_Runtime_Contract.sql,12694,108258ac6c21067da7e6bafd2573f05b7010aec4411d011faab34b99e445e1df,False,False
SQL_Server_Analyze,main,612bcc60d4a8a34c05ab28ffc6ce964e359df6c2,Code/Tests/Integration/194_SnapshotBaseline_Installer_Contract.ps1,13915,d130b736366e6064f14f5058bfc9177b42e2b3c81f2a94d5bfc08879234d0606,False,False
SQL_Server_Analyze,main,612bcc60d4a8a34c05ab28ffc6ce964e359df6c2,Code/Tests/Integration/195_SnapshotBaseline_Runtime_Contract.sql,11608,02995e3ad08d8c24f89b655e2ed1524e9a62ece6afcc62330945e3f44508dd82,False,False
SQL_Server_Analyze,main,612bcc60d4a8a34c05ab28ffc6ce964e359df6c2,Code/Tests/Integration/196_Analysis_Navigator_Runtime_Contract.sql,20097,d5b4e08afb4c6aa7d2e00b9307a79f83fab9d3ee94fec33881df384b3b489d0f,False,False
SQL_Server_Analyze,main,612bcc60d4a8a34c05ab28ffc6ce964e359df6c2,Code/Tests/Integration/196_SnapshotBaseline_Concurrency_Holder.sql,477,9868209a6d0d5a24a6683f0a6cbeb7e72fa1904c25f2650091ee80bd2af18ffb,False,False
SQL_Server_Analyze,main,612bcc60d4a8a34c05ab28ffc6ce964e359df6c2,Code/Tests/Integration/197_SnapshotBaseline_Concurrency_Assert.sql,688,bd021e7f76194fa9012f76fc055c9b303a01843e105025cc5c386537a2032fd8,False,False
SQL_Server_Analyze,main,612bcc60d4a8a34c05ab28ffc6ce964e359df6c2,Code/Tests/Integration/198_Runtime001_External_Runtime_CLR_Runtime_Contract.sql,10190,a349b041bfd097259865a93d3ed7714d8b91f0fe08805b590e876196c7976035,False,False
SQL_Server_Analyze,main,612bcc60d4a8a34c05ab28ffc6ce964e359df6c2,Code/Tests/Integration/199_CurrentState_Snapshot_Runtime_Contract.sql,9337,f41a6cc1bcc2d1cf3430aacdb64207655b3e55c681d90b3be624bc71d24a5c17,False,False
SQL_Server_Analyze,main,612bcc60d4a8a34c05ab28ffc6ce964e359df6c2,Code/Tests/ObjectIndex/110_Test_und_Abnahme_Phase2.sql,235,29c832bf58d58ed25ab01eab5467b16dd806731503607d4b0bf863d6af2d62b9,False,False
SQL_Server_Analyze,main,612bcc60d4a8a34c05ab28ffc6ce964e359df6c2,Code/Tests/ObjectIndex/120_SQL25_Vector_Index_Runtime_Contract.sql,20385,7382b490da4189677fc14e26d5cba747799923764e7db20a89e9502ad9c911b5,False,False
SQL_Server_Analyze,main,612bcc60d4a8a34c05ab28ffc6ce964e359df6c2,Code/Tests/ObjectIndex/121_SQL25_JSON_Index_Inventory_Runtime_Contract.sql,20773,72e902d398591462bc54f7a23e128b1d2d300e5aab2a979ca5300a5c23d6fd0a,False,False
SQL_Server_Analyze,main,612bcc60d4a8a34c05ab28ffc6ce964e359df6c2,Code/Tests/ObjectIndex/123_SQL25_Readable_Secondary_Statistics_Runtime_Contract.sql,17366,a617c90225524bedc490b1292f7aaa6979acfb99bd95d0cfb7068c9e0a49845e,False,False
SQL_Server_Analyze,main,612bcc60d4a8a34c05ab28ffc6ce964e359df6c2,Code/Tests/Permissions/110_SQL_Server_2019_Permission_Matrix.sql,29420,3277f721722a1cd7973de25ba074cb50f25a37ca0049971dc148e11a0233b1d2,False,False
SQL_Server_Analyze,main,612bcc60d4a8a34c05ab28ffc6ce964e359df6c2,Code/Tests/Permissions/110_SQL_Server_2022_Permission_Matrix.sql,30515,3a573b92ef38a7875f8469f01c50db6f3f1c7a6c835449991d8a986f949070e1,False,False
SQL_Server_Analyze,main,612bcc60d4a8a34c05ab28ffc6ce964e359df6c2,Code/Tests/PlanCache/110_Test_und_Abnahme_Phase3.sql,3614,0ba135ba7dc62bbcc26f16eb3dffb3cb4eb5ea2d3312aa2e70157dafd778c07b,False,False
SQL_Server_Analyze,main,612bcc60d4a8a34c05ab28ffc6ce964e359df6c2,Code/Tests/PlanCache/120_ExecutionPlanAnalysis_Runtime_Contract.sql,29249,2c437a69bea13831a5966e0969c0b5a59db846b45375f27555e1c9c4ec5f257c,False,False
SQL_Server_Analyze,main,612bcc60d4a8a34c05ab28ffc6ce964e359df6c2,Code/Tests/PlanCache/121_DIAG003_Parameter_Evidence_Runtime_Contract.sql,3383,2d582051e42139f7a88ac6b8f04deb6b852e8b9ad301d76c427d6e0268ba2b80,False,False
SQL_Server_Analyze,main,612bcc60d4a8a34c05ab28ffc6ce964e359df6c2,Code/Tests/PlanCache/123_DIAG005_Plan_Optimizer_Runtime_Contract.sql,13151,16fa6bcc07766bfb58b63c59ad6166de344577e47b1bdeef0b057fd996ee481f,False,False
SQL_Server_Analyze,main,612bcc60d4a8a34c05ab28ffc6ce964e359df6c2,Code/Tests/QueryStore/110_Test_und_Abnahme_Phase4.sql,252,035213513b145d18beec899c56c997c5d6c9277060aa5cf0adec18aab447b771,False,False
SQL_Server_Analyze,main,612bcc60d4a8a34c05ab28ffc6ce964e359df6c2,Code/Tests/Run_Release_Gate.sql,7542,367c7806910fd1f29ec9b3fded292bb10067603ebaaa00061b3dbe516ab81d2f,False,False
SQL_Server_Analyze,main,612bcc60d4a8a34c05ab28ffc6ce964e359df6c2,Code/Tests/ServerHealth/110_Test_und_Abnahme_Phase7.sql,245,0c2408d32a47bf5390e40427bad8a14b3abb0ae2c9085c1d3f69f6302a8482c3,False,False
SQL_Server_Analyze,main,612bcc60d4a8a34c05ab28ffc6ce964e359df6c2,Code/Tests/Static/900_Validate_Analysis_Documentation.ps1,34030,180938a0953d77c2efcc95ff7bd68fd3f198b37cb7628ec6ffe384d4d6b6c5e0,False,False
SQL_Server_Analyze,main,612bcc60d4a8a34c05ab28ffc6ce964e359df6c2,Code/Tests/Static/905_Validate_Analysis_Navigator.py,35406,bc54c4bd8aec784380606846b36b1308492c2753fddf60eeb5da343fab738250,False,False
SQL_Server_Analyze,main,612bcc60d4a8a34c05ab28ffc6ce964e359df6c2,Code/Tests/Static/910_Validate_Repository_Privacy.py,15311,b7953b79533145a5c4840f89145b5b78f70baff0106e7ffeefb4ccc601da6340,False,False
SQL_Server_Analyze,main,612bcc60d4a8a34c05ab28ffc6ce964e359df6c2,Code/Tests/Static/915_Validate_Documentation_Style.py,10719,7cf106bf8d553f9f9dc4275d235a23646ee503247d08af8bb8728254a993f86a,False,False
SQL_Server_Analyze,main,612bcc60d4a8a34c05ab28ffc6ce964e359df6c2,Code/Tests/Static/920_Validate_SQL_Server_2025_Regex.py,5496,3f7f8ffa7a70168f7acd4884c16455480866127e0d4c57491fe69e803484c779,False,False
SQL_Server_Analyze,main,612bcc60d4a8a34c05ab28ffc6ce964e359df6c2,Code/Tests/Static/925_Select_CI_Impact.py,25954,018be6b5c4715bfdf0a4956cf0b4cf70b3ffe657c2d1d3ad76da080776bc972c,False,False
SQL_Server_Analyze,main,612bcc60d4a8a34c05ab28ffc6ce964e359df6c2,Code/Tests/Static/930_Validate_Commit_Message.py,6906,161599bbe9401e18a66250b40c9512d76561a6329c8d8ce00036050b80b20f0a,False,False
SQL_Server_Analyze,main,612bcc60d4a8a34c05ab28ffc6ce964e359df6c2,Code/Tests/Static/940_Validate_Wait_Type_Catalog.py,14527,d75f8122757e81e71efeae3d1af819f6c2d26956d054c94aab6635c09ec9aae7,False,False
SQL_Server_Analyze,main,612bcc60d4a8a34c05ab28ffc6ce964e359df6c2,Code/Tests/Static/950_Validate_Nonblocking_Metadata.py,6704,7552e1fa6b8ea065695470c3ba50df394438c6e6e0e9b5ee6645ecbe938f48e1,False,False
SQL_Server_Analyze,main,612bcc60d4a8a34c05ab28ffc6ce964e359df6c2,Code/Tests/Static/960_Validate_Complete_P1_Evidence.py,4359,ec8e07e311e3e3e104cb91458766249556831e49c6b6ac45b2a4e5c9486893a6,False,False
SQL_Server_Analyze,main,612bcc60d4a8a34c05ab28ffc6ce964e359df6c2,Code/Tests/Static/970_Validate_Complete_P2_Evidence.py,7089,48bee83094386c3b2e586a452000fc522688f4538c365170c5a1a35527b48df9,False,False
SQL_Server_Analyze,main,612bcc60d4a8a34c05ab28ffc6ce964e359df6c2,Code/Tests/Static/980_Validate_External_Documentation_Links.py,4718,397888233e4cdc9f61eafd5f13cde0d9ac5a361a12108f02de22b1f765e84998,False,False
SQL_Server_Analyze,main,612bcc60d4a8a34c05ab28ffc6ce964e359df6c2,Code/Tests/Static/988_Validate_LAB001_Wave0_Contracts.py,26592,578fb03fcfb16ea0b422134ecdf3825835a3be39e91e0994cce6b20a36dbe7d9,False,False
SQL_Server_Analyze,main,612bcc60d4a8a34c05ab28ffc6ce964e359df6c2,Code/Tests/Static/989_Validate_LAB001_Wave1_Orchestrator.py,19603,14d9ab0088b7beb259091212059796b3cd2ed206a2ffc1512cc8b48db48e0684,False,False
SQL_Server_Analyze,main,612bcc60d4a8a34c05ab28ffc6ce964e359df6c2,Code/Tests/Static/989_Validate_SQL25_Readable_Secondary_Statistics_Contract.py,17385,849f78d6559f6808867e0db30494c1801a562a3f653a72176a68c8b9ea860085,False,False
SQL_Server_Analyze,main,612bcc60d4a8a34c05ab28ffc6ce964e359df6c2,Code/Tests/Static/990_Validate_LAB001_Wave2_ContainerBaseline.py,9322,c4c66b1e10799826648ed9ce7c11fd967865bfef6ccdda046f872109b26a8e27,False,False
SQL_Server_Analyze,main,612bcc60d4a8a34c05ab28ffc6ce964e359df6c2,Code/Tests/Static/990_Validate_Release_Evidence.py,11705,2aefc7ac13c40623c8c8d6634d1475e642139f020c5fc1e1f4cd7298a7c21c94,False,False
SQL_Server_Analyze,main,612bcc60d4a8a34c05ab28ffc6ce964e359df6c2,Code/Tests/Static/991_Validate_SQL25_TempDB_Resource_Governance_Contract.py,18644,495fff45000eef24dde1208b7043ae0b8700906f4708667af80270e97f2d976b,False,False
SQL_Server_Analyze,main,612bcc60d4a8a34c05ab28ffc6ce964e359df6c2,Code/Tests/Static/992_Validate_SQL25_JSON_Index_Contract.py,17219,f52ad689377b2d39a822aa8bad6c086fef51527f55468b6aca688eeb16cfc5c1,False,False
SQL_Server_Analyze,main,612bcc60d4a8a34c05ab28ffc6ce964e359df6c2,Code/Tests/Static/993_Validate_Partial_Implementation_Status_and_CurrentState_Snapshot.py,15089,514dfa049949983244e2d54d60c7d5ea4db2c25d31fd1a80c9fe901fb553a4fb,False,False
SQL_Server_Analyze,main,612bcc60d4a8a34c05ab28ffc6ce964e359df6c2,Code/Tests/Static/994_Validate_SQL25_Vector_Index_Contract.py,14043,d05c7767f51e4a42208d08e13967a96ce08f57669fc08bbfb735b5e6a98142d1,False,False
SQL_Server_Analyze,main,612bcc60d4a8a34c05ab28ffc6ce964e359df6c2,Code/Tests/Static/995_Validate_Wave1_Contracts.py,7116,3f4d70af2dc754be9f15ae19b09c1bb82781afc098c1cb29d149a1888b4ad025,False,False
SQL_Server_Analyze,main,612bcc60d4a8a34c05ab28ffc6ce964e359df6c2,Code/Tests/Static/996_Validate_Wave2_Contracts.py,6595,cfd52830c2ce93e7b840286dfc20abe0dd0d7eeda7edb568b5a6f9536728883d,False,False
SQL_Server_Analyze,main,612bcc60d4a8a34c05ab28ffc6ce964e359df6c2,Code/Tests/Static/997_Validate_ExecutionPlanAnalysis_Public_Contract.py,18549,a1114125ae088f672557f5bea5a7ba4283a80c49d26c9bafb61162e49d7cea9c,False,False
SQL_Server_Analyze,main,612bcc60d4a8a34c05ab28ffc6ce964e359df6c2,Code/Tests/Static/998_Validate_SnapshotBaseline_Public_Contract.py,26728,c6b23c9610a436c6941375f3153c2a3f63646484697664b6c9d1e678bc0b0975,False,False
SQL_Server_Analyze,main,612bcc60d4a8a34c05ab28ffc6ce964e359df6c2,Code/Tests/Static/999_Validate_Runtime001_Contracts.py,7562,b6698f8ca3bfbbb315cf6110e7290e052bec5b6041f75d7522eb2775d79a7180,False,False
SQL_Server_Analyze,main,612bcc60d4a8a34c05ab28ffc6ce964e359df6c2,Code/Tests/Static/Repository_Privacy_Fixtures.json,466,e52961f098683997ce32d90cf9b6e40e00c35af7fce249a6d45486e7f272b75b,False,False
SQL_Server_Analyze,main,612bcc60d4a8a34c05ab28ffc6ce964e359df6c2,Code/Tests/Static/Validate_Docker_Podman_QuickTest_ComposeFoundation.py,7542,e387fe6cbd70c1aab018666b0fa39f6af24cdc42606361ad45ed03363c376417,False,False
SQL_Server_Analyze,main,612bcc60d4a8a34c05ab28ffc6ce964e359df6c2,Code/Tests/Static/Validate_Docker_Podman_QuickTest_Lifecycle.py,16368,242f4cea0f38aada08dcb7dd763cb16e2a5c974858fdb85b5f306bc51b36eca7,False,False
SQL_Server_Analyze,main,612bcc60d4a8a34c05ab28ffc6ce964e359df6c2,Code/Tests/Static/Validate_Docker_Podman_QuickTest_Preflight.py,8053,755e6c01b1c2508f6d50c9746fa92336a92baa97051688fe57a15dc0d8542b88,False,False
SQL_Server_Analyze,main,612bcc60d4a8a34c05ab28ffc6ce964e359df6c2,Code/Tests/Static/Validate_Docker_Podman_QuickTest_UpdateFramework.py,8170,41f7c7e77fef529801e3e4c078915d3fc9f7a025f857cbe7971042a710d3cbbd,False,False
SQL_Server_Analyze,main,612bcc60d4a8a34c05ab28ffc6ce964e359df6c2,Code/Tests/Static/Validate_LAB001_Wave3_CorePerformance.py,13650,ad2a24e9adf4c2a4ba216f9a6ed19ab13b772aba011b4b031eaa83cc61b493a4,False,False
SQL_Server_Analyze,main,612bcc60d4a8a34c05ab28ffc6ce964e359df6c2,Code/Tests/Static/Validate_LAB001_Wave4_ContractFoundation.py,9305,0d00fb139bf056636af31f8d552f91d70f47a010739fbc68f70781da9a115814,False,False
SQL_Server_Analyze,main,612bcc60d4a8a34c05ab28ffc6ce964e359df6c2,Code/Tests/Static/Validate_LAB001_Wave4_LogShipping.py,12214,bdfc77854c2f20cbd5a49738089b2ecf009cd4e11a13604d12e5623ebbb001f6,False,False
SQL_Server_Analyze,main,612bcc60d4a8a34c05ab28ffc6ce964e359df6c2,Code/Tests/Static/Validate_LAB001_Wave4_MultiContainerRuntime.py,8431,f05c730c8f0e15ef78cdd4af308fcc93d0592c6ae80ea73a33dd506b00d103be,False,False
SQL_Server_Analyze,main,612bcc60d4a8a34c05ab28ffc6ce964e359df6c2,Code/Tests/Static/Validate_LAB001_Wave5_ImagePipelineFoundation.py,15417,84f1730e16ffbe8f6247a934202fd7c2a6e48172a07e3863248a7a26a105ce04,False,False
SQL_Server_Analyze,main,612bcc60d4a8a34c05ab28ffc6ce964e359df6c2,Code/Tests/Static/Validate_QuickStart_Docker.py,7821,b4057a76d25d4cc8ccf03433261fbda913dc5b22c25ab521514bc486861c5fa4,False,False
SQL_Server_Analyze,main,612bcc60d4a8a34c05ab28ffc6ce964e359df6c2,Code/Tests/VersionAdaptive/120_SQL_Server_2025_Regex_Matrix.sql,6858,75c0fe6e8fea2847adde814661c896f0892ac644e47c85436459919846656024,False,False
SQL_Server_Analyze,main,612bcc60d4a8a34c05ab28ffc6ce964e359df6c2,Documentation/Analysis_Guides/01_Common.md,15847,686b668f736b177e8955d79edf92f6197baa80fcfecb6cc3d51ce64de713b654,False,False
SQL_Server_Analyze,main,612bcc60d4a8a34c05ab28ffc6ce964e359df6c2,Documentation/Analysis_Guides/02_Current_State.md,37860,e7757b2566c56cf3a57c2d5e186cecc852b947d1a41848bac896fc1b00086b42,False,False
SQL_Server_Analyze,main,612bcc60d4a8a34c05ab28ffc6ce964e359df6c2,Documentation/Analysis_Guides/03_Object_Index.md,30032,db15c89b8a557fccd9d90f14a1743d8753f829c32feab5552a58210bacc4434c,False,False
SQL_Server_Analyze,main,612bcc60d4a8a34c05ab28ffc6ce964e359df6c2,Documentation/Analysis_Guides/04_Plan_Cache.md,19385,65008157f51ae4ba40073583551dc36f4ac6d17b29259d5e11d0d54746e0c5f9,False,False
SQL_Server_Analyze,main,612bcc60d4a8a34c05ab28ffc6ce964e359df6c2,Documentation/Analysis_Guides/05_Query_Store.md,22389,3824ccda31baa22a813822d01706872f520a14e4707868d3ba60f4091011a6bc,False,False
SQL_Server_Analyze,main,612bcc60d4a8a34c05ab28ffc6ce964e359df6c2,Documentation/Analysis_Guides/06_Extended_Events.md,15532,0c764eaf3f3b9b5b5f6e6ece6c3e183c9b8b133c1ce4eaae4400646a4d17330a,False,False
SQL_Server_Analyze,main,612bcc60d4a8a34c05ab28ffc6ce964e359df6c2,Documentation/Analysis_Guides/07_Infrastructure.md,26739,4af0b4c1923047c90b31e398581968cba050a7527ae65eee3d1e221d806f5161,False,False
SQL_Server_Analyze,main,612bcc60d4a8a34c05ab28ffc6ce964e359df6c2,Documentation/Analysis_Guides/08_Server_Health.md,35345,5cd7ac9fef5410091b8f22b30f693b4ea8548d51111617f1f6357fd0a0139ecc,False,False
SQL_Server_Analyze,main,612bcc60d4a8a34c05ab28ffc6ce964e359df6c2,Documentation/Analysis_Guides/09_Version_Adaptive.md,46681,f00ff019d2035da8018e6005c6bb176b3efdb51a5086992d078acb2a18ba160a,False,False
SQL_Server_Analyze,main,612bcc60d4a8a34c05ab28ffc6ce964e359df6c2,Documentation/Analysis_Guides/Beginner_Reading_Guide.md,75444,4407148f79be0d765faa677452ce3da6db3e762b74b5cc95b03b73c8270926da,False,False
SQL_Server_Analyze,main,612bcc60d4a8a34c05ab28ffc6ce964e359df6c2,Documentation/Analysis_Guides/Common_Contracts.md,11972,5c102722ab1e60f672001966cf82bdd8d11deb0b95ee423cdfdeb7312ad178f1,False,False
SQL_Server_Analyze,main,612bcc60d4a8a34c05ab28ffc6ce964e359df6c2,Documentation/Analysis_Guides/Glossary.md,5694,0bef5e646ed7079a56de2a660b19ea198f9123616fe073ac566d4beb5352a231,False,False
SQL_Server_Analyze,main,612bcc60d4a8a34c05ab28ffc6ce964e359df6c2,Documentation/Analysis_Guides/Object_Index.md,14635,3a5e217e6179180c9f6da562685305a1eb450bec505f62b5d3012e2cacff16be,False,False
SQL_Server_Analyze,main,612bcc60d4a8a34c05ab28ffc6ce964e359df6c2,Documentation/Analysis_Guides/Parameter_Reading_Guide.md,2896,51191a632717e1494a445cf30ba7eabf027d0b01917d5bcf039da7b99dffcf7d,False,False
SQL_Server_Analyze,main,612bcc60d4a8a34c05ab28ffc6ce964e359df6c2,Documentation/Analysis_Guides/Procedures/README.md,7757,d007955e5768a5be4f2e7f76a9471b9d5a1201eaa327241823a9d9b4ad68a571,False,False
SQL_Server_Analyze,main,612bcc60d4a8a34c05ab28ffc6ce964e359df6c2,Documentation/Analysis_Guides/Procedures/USP_AgentJobs.md,8928,78f6f84e1c75bb5675cb6926321e345549c505f04d3e881a36949be1f7f2993c,False,False
SQL_Server_Analyze,main,612bcc60d4a8a34c05ab28ffc6ce964e359df6c2,Documentation/Analysis_Guides/Procedures/USP_AgentMonitoringAnalysis.md,8448,19f1f74de39103ab5c4a05896afcd29ee3bfea2a85fe03461e85f262e453c197,False,False
SQL_Server_Analyze,main,612bcc60d4a8a34c05ab28ffc6ce964e359df6c2,Documentation/Analysis_Guides/Procedures/USP_AgentStatus.md,7482,bdf44dede27ad5b5b19587249eeb6fce126b033eea21d35dc715e8d47919cc27,False,False
SQL_Server_Analyze,main,612bcc60d4a8a34c05ab28ffc6ce964e359df6c2,Documentation/Analysis_Guides/Procedures/USP_AnalysisNavigator.md,19006,e8be1b887124c7dc4a0c7951adc6140dbab7934af577e9eae7968f77db1ba6c4,False,False
SQL_Server_Analyze,main,612bcc60d4a8a34c05ab28ffc6ce964e359df6c2,Documentation/Analysis_Guides/Procedures/USP_AvailabilityDeepAnalysis.md,8806,389e83a647425bd4bb0af24b722148a8cf6f2b2292376336368a28f4754eb200,False,False
SQL_Server_Analyze,main,612bcc60d4a8a34c05ab28ffc6ce964e359df6c2,Documentation/Analysis_Guides/Procedures/USP_AvailabilityGroups.md,8712,70889d6e5ec78f14f28df03f802db774c847f0ea303c2cc438d8b21b61e9967d,False,False
SQL_Server_Analyze,main,612bcc60d4a8a34c05ab28ffc6ce964e359df6c2,Documentation/Analysis_Guides/Procedures/USP_BackupChainAnalysis.md,8725,37fdd467ec7c2284b488f0553b760c0f8dd07744d616361eae97aeeee07e01e9,False,False
SQL_Server_Analyze,main,612bcc60d4a8a34c05ab28ffc6ce964e359df6c2,Documentation/Analysis_Guides/Procedures/USP_BackupRecovery.md,8846,d76b7f205ed893ed16143ee247a4b0f79fdf5dfb4db3e50d6b509d7980c5ffa9,False,False
SQL_Server_Analyze,main,612bcc60d4a8a34c05ab28ffc6ce964e359df6c2,Documentation/Analysis_Guides/Procedures/USP_BufferPoolAnalysis.md,8131,c4d8c1343a0f4692682e63c0f2c516a8f9f85a8b9ba924751639d6c01755b8fc,False,False
SQL_Server_Analyze,main,612bcc60d4a8a34c05ab28ffc6ce964e359df6c2,Documentation/Analysis_Guides/Procedures/USP_CheckAnalyseAccess.md,8837,2ca843c07a1a03d96718ed2411ddd622925813fc8ae54a2d415baa0f8d861aba,False,False
SQL_Server_Analyze,main,612bcc60d4a8a34c05ab28ffc6ce964e359df6c2,Documentation/Analysis_Guides/Procedures/USP_CheckFrameworkCapabilities.md,8885,c5da56b51f551162d835c9713578a5f797cfb033372d7d6dce77c3bb1c649992,False,False
SQL_Server_Analyze,main,612bcc60d4a8a34c05ab28ffc6ce964e359df6c2,Documentation/Analysis_Guides/Procedures/USP_ClrAnalysis.md,15406,fea1fd96e402c3a213bc5c02c034b84ae7b39f5293cda13b57d6e3343081c6ce,False,False
SQL_Server_Analyze,main,612bcc60d4a8a34c05ab28ffc6ce964e359df6c2,Documentation/Analysis_Guides/Procedures/USP_Columnstore.md,9451,614bbfec5027ca13ad171d6af00c0dc410c3c4d9d19d049780a1b8ecbe569f32,False,False
SQL_Server_Analyze,main,612bcc60d4a8a34c05ab28ffc6ce964e359df6c2,Documentation/Analysis_Guides/Procedures/USP_ConfigureSnapshotTarget.md,3948,ebc3e3badea853b146c48791ded39e82f3dcab2190580a6de570bfde5b334781,False,False
SQL_Server_Analyze,main,612bcc60d4a8a34c05ab28ffc6ce964e359df6c2,Documentation/Analysis_Guides/Procedures/USP_CreateExecutionEvidenceJson.md,6157,319201e56736412a3a4fc95fa08ee90ac7d9648e1340043ecc30e8a70c7cdfb2,False,False
SQL_Server_Analyze,main,612bcc60d4a8a34c05ab28ffc6ce964e359df6c2,Documentation/Analysis_Guides/Procedures/USP_CriticalEngineEvents.md,8453,8b472a9724d2b4c00abd69de748863882f1f1c899aff9b167cbb20889a3cebbe,False,False
SQL_Server_Analyze,main,612bcc60d4a8a34c05ab28ffc6ce964e359df6c2,Documentation/Analysis_Guides/Procedures/USP_CurrentBlocking.md,16537,9f7adddc313cedbd271dc128f9757d7e9a8afdb62b5281905cd4dd937076d7df,False,False
SQL_Server_Analyze,main,612bcc60d4a8a34c05ab28ffc6ce964e359df6c2,Documentation/Analysis_Guides/Procedures/USP_CurrentIO.md,10643,ec175b3049d327844b622ede2263ca62262aca513e97c9eeac06e34bdf7d81e2,False,False
SQL_Server_Analyze,main,612bcc60d4a8a34c05ab28ffc6ce964e359df6c2,Documentation/Analysis_Guides/Procedures/USP_CurrentLog.md,8788,db8a6edbec89d711e123086110b343091f268e40ba691a239bb2c27e1a256f0f,False,False
SQL_Server_Analyze,main,612bcc60d4a8a34c05ab28ffc6ce964e359df6c2,Documentation/Analysis_Guides/Procedures/USP_CurrentMemoryGrants.md,10215,e5f8818c5e1093035ffe64d5a5c9fbd205385a98b6391f826ee502df967b138d,False,False
SQL_Server_Analyze,main,612bcc60d4a8a34c05ab28ffc6ce964e359df6c2,Documentation/Analysis_Guides/Procedures/USP_CurrentOverview.md,12934,d5f32190587bc3901ef9dd16f6102e2a0885dd68cf7b290b02591156378c4f2a,False,False
SQL_Server_Analyze,main,612bcc60d4a8a34c05ab28ffc6ce964e359df6c2,Documentation/Analysis_Guides/Procedures/USP_CurrentRequests.md,19774,1f9dc53a86d1e8ca852ce298ce7da3ef12bda25aa3242580f0a93290c455c144,False,False
SQL_Server_Analyze,main,612bcc60d4a8a34c05ab28ffc6ce964e359df6c2,Documentation/Analysis_Guides/Procedures/USP_CurrentSessions.md,10619,46cf8cc3799c83cf53e33d2f55c883c8bff9c752b2e9c3fc581ff2f97eabbce8,False,False
SQL_Server_Analyze,main,612bcc60d4a8a34c05ab28ffc6ce964e359df6c2,Documentation/Analysis_Guides/Procedures/USP_CurrentTempDB.md,10991,f2faef1744e687fd30cf8c92492ce12be80f2a48a7560133ef8c7dea50e465f9,False,False
SQL_Server_Analyze,main,612bcc60d4a8a34c05ab28ffc6ce964e359df6c2,Documentation/Analysis_Guides/Procedures/USP_CurrentTransactions.md,9963,5aa8ba1ab428cac64dcd6aa07594967e04f583919f2915553621f7cd61dcfce9,False,False
SQL_Server_Analyze,main,612bcc60d4a8a34c05ab28ffc6ce964e359df6c2,Documentation/Analysis_Guides/Procedures/USP_CurrentWaits.md,10246,bde5e55e097f9639ea7bd10664820f062a9f90ccff36c1d69fa1382429a5b422,False,False
SQL_Server_Analyze,main,612bcc60d4a8a34c05ab28ffc6ce964e359df6c2,Documentation/Analysis_Guides/Procedures/USP_DataCaptureDeepAnalysis.md,12730,c464a5c6d79d630612bc9d4ca55c85a913fdfa244fae3646d028f61036c68cdc,False,False
SQL_Server_Analyze,main,612bcc60d4a8a34c05ab28ffc6ce964e359df6c2,Documentation/Analysis_Guides/Procedures/USP_DataCaptureStatus.md,8506,9344d8c0d85e7101a275ef679aaf147b06f4fdf2cbfaa7842fe439bb6e4b45f5,False,False
SQL_Server_Analyze,main,612bcc60d4a8a34c05ab28ffc6ce964e359df6c2,Documentation/Analysis_Guides/Procedures/USP_DatabaseCapacityAnalysis.md,8494,fcbbb10ec4278075e71ecc92ec415c4f614399ebc060f2bc78c8413ea94f66c3,False,False
SQL_Server_Analyze,main,612bcc60d4a8a34c05ab28ffc6ce964e359df6c2,Documentation/Analysis_Guides/Procedures/USP_DatabaseConfigurationAnalysis.md,10548,a94e60fff56d9ad4a4e9c195749a99b9889a0ed935988e0e6c1496e0202f128e,False,False
SQL_Server_Analyze,main,612bcc60d4a8a34c05ab28ffc6ce964e359df6c2,Documentation/Analysis_Guides/Procedures/USP_DatabaseIntegrityAnalysis.md,9449,f7f5c6869c08ff86aa22b23234e8c82ef705fae47793a5a34ff63abce3624465,False,False
SQL_Server_Analyze,main,612bcc60d4a8a34c05ab28ffc6ce964e359df6c2,Documentation/Analysis_Guides/Procedures/USP_DiagnosticFindings.md,9342,b6fdbc1bc0d0a2fe12df4eb0061d886e1a4d32c885bed3c064a33812c289dcc9,False,False
SQL_Server_Analyze,main,612bcc60d4a8a34c05ab28ffc6ce964e359df6c2,Documentation/Analysis_Guides/Procedures/USP_EncryptionAnalysis.md,10210,886b750de5c2769dfbb5012f7dedc976d6fd04fc2852fdad47485d06db1185aa,False,False
SQL_Server_Analyze,main,612bcc60d4a8a34c05ab28ffc6ce964e359df6c2,Documentation/Analysis_Guides/Procedures/USP_ErrorLogAnalysis.md,9922,dc37c4cdf89fcfd559649fa6c932a4b097a566b3e187bd3e8e0f86fca8487b91,False,False
SQL_Server_Analyze,main,612bcc60d4a8a34c05ab28ffc6ce964e359df6c2,Documentation/Analysis_Guides/Procedures/USP_ExecutionPlanAnalysis.md,8280,05e591b2845a08324e0ec3c26ca2fbc012aa0854612fe43bff6150c87cd5bcae,False,False
SQL_Server_Analyze,main,612bcc60d4a8a34c05ab28ffc6ce964e359df6c2,Documentation/Analysis_Guides/Procedures/USP_ExtendedEventsAnalysis.md,8445,534fe2fc5c1ce77c0053929c9522eef159a70efb21dc17ec2c35d3263556eed7,False,False
SQL_Server_Analyze,main,612bcc60d4a8a34c05ab28ffc6ce964e359df6c2,Documentation/Analysis_Guides/Procedures/USP_ExtendedEventsBlockedProcesses.md,9203,fa4c4edfb2a5c5ea2539c30b49294b266b7bc7b299db4c66c70ae4e2b028563b,False,False
SQL_Server_Analyze,main,612bcc60d4a8a34c05ab28ffc6ce964e359df6c2,Documentation/Analysis_Guides/Procedures/USP_ExtendedEventsDeadlocks.md,9072,cd87585f675181a86a81d30cf78b6e94990ac172ff208bb402304be6d9e114f5,False,False
SQL_Server_Analyze,main,612bcc60d4a8a34c05ab28ffc6ce964e359df6c2,Documentation/Analysis_Guides/Procedures/USP_ExtendedEventsReadEvents.md,17729,778f8964d2ca4c031cf086989f58718400da1bd9824f7ce1b4303ba33f5476f7,False,False
SQL_Server_Analyze,main,612bcc60d4a8a34c05ab28ffc6ce964e359df6c2,Documentation/Analysis_Guides/Procedures/USP_ExtendedEventsSessions.md,9421,0f8c28a5c600b855b6a77868a8133219390ecd91faf7544beeed8632543a3db4,False,False
SQL_Server_Analyze,main,612bcc60d4a8a34c05ab28ffc6ce964e359df6c2,Documentation/Analysis_Guides/Procedures/USP_ExtendedEventsTargetRuntime.md,8594,a858f4f2d5cbd3388243afb0aa56c9567f7e20853400e6925181da54dd0f1460,False,False
SQL_Server_Analyze,main,612bcc60d4a8a34c05ab28ffc6ce964e359df6c2,Documentation/Analysis_Guides/Procedures/USP_ExternalRuntimeAnalysis.md,14444,8bf123b17f7908bc19aea7d04e67ceda0bfef6905920f174c95bb52e68b81cc3,False,False
SQL_Server_Analyze,main,612bcc60d4a8a34c05ab28ffc6ce964e359df6c2,Documentation/Analysis_Guides/Procedures/USP_FrameworkUsageFromQueryStore.md,5625,499a6bfcf86628e8a42441fcf91f37d3f738ff9a7e3a19f69da754ecb536364a,False,False
SQL_Server_Analyze,main,612bcc60d4a8a34c05ab28ffc6ce964e359df6c2,Documentation/Analysis_Guides/Procedures/USP_FullTextAnalysis.md,11029,65069597cc94806dbf6223def591ff4638f429e495f7ba0a6f5fc9eb02edd5dd,False,False
SQL_Server_Analyze,main,612bcc60d4a8a34c05ab28ffc6ce964e359df6c2,Documentation/Analysis_Guides/Procedures/USP_InMemoryOltpAnalysis.md,9004,2b5b6b3a4de521c68bb1a20c2390bc0fa90afe768428425605e5319da20ca231,False,False
SQL_Server_Analyze,main,612bcc60d4a8a34c05ab28ffc6ce964e359df6c2,Documentation/Analysis_Guides/Procedures/USP_IndexOperationalStats.md,9355,ffb1b5da2ef4fbe6d431986ab36640c87870e16440bb186781e31ef71b4aa4d0,False,False
SQL_Server_Analyze,main,612bcc60d4a8a34c05ab28ffc6ce964e359df6c2,Documentation/Analysis_Guides/Procedures/USP_IndexPhysicalStats.md,16324,97fa31ba92e2725c912b6000ff51fef3347ac15a9cf1922fce157e7ec5192bdf,False,False
SQL_Server_Analyze,main,612bcc60d4a8a34c05ab28ffc6ce964e359df6c2,Documentation/Analysis_Guides/Procedures/USP_IndexUsage.md,9391,a6e51e6411c0dde10dee9e42c557f8a69e144a0f2e6728acb357584badf995b8,False,False
SQL_Server_Analyze,main,612bcc60d4a8a34c05ab28ffc6ce964e359df6c2,Documentation/Analysis_Guides/Procedures/USP_InfrastructureAnalysis.md,8051,19fa26990e3908c5fb54c67467a2e560198119449d4f33f5f448cd172e5cc5b0,False,False
SQL_Server_Analyze,main,612bcc60d4a8a34c05ab28ffc6ce964e359df6c2,Documentation/Analysis_Guides/Procedures/USP_IntelligentQueryProcessingAnalysis.md,9063,ca9cd0793f0e6e6ca1838e621cf1e506a34ed430f26bde70b6ccdf7f73cecefe,False,False
SQL_Server_Analyze,main,612bcc60d4a8a34c05ab28ffc6ce964e359df6c2,Documentation/Analysis_Guides/Procedures/USP_InternalContentionAnalysis.md,8877,75238c14f24e1f630764e4a99e626584faebbe2c5ed435efe2b377846179b412,False,False
SQL_Server_Analyze,main,612bcc60d4a8a34c05ab28ffc6ce964e359df6c2,Documentation/Analysis_Guides/Procedures/USP_LogShippingStatus.md,8142,79b903e9a67d4d5766fdf645226be171d2214e1db688f1bc31f6c5650644bfc4,False,False
SQL_Server_Analyze,main,612bcc60d4a8a34c05ab28ffc6ce964e359df6c2,Documentation/Analysis_Guides/Procedures/USP_MaintenanceOperations.md,10014,59238e5b372e8d55f466167082251a4f73a4c55dab04f4acf3fe3e794f638721,False,False
SQL_Server_Analyze,main,612bcc60d4a8a34c05ab28ffc6ce964e359df6c2,Documentation/Analysis_Guides/Procedures/USP_MissingIndexes.md,9741,0bc4ffa8151c3ff12cd1fff796f710d36ee53c45703bec5257d0d76a83db528c,False,False
SQL_Server_Analyze,main,612bcc60d4a8a34c05ab28ffc6ce964e359df6c2,Documentation/Analysis_Guides/Procedures/USP_OSInformation.md,7522,bfc1901bd38526a28caec1e45667a03694486e5af1b4666a4c12680395bb27b2,False,False
SQL_Server_Analyze,main,612bcc60d4a8a34c05ab28ffc6ce964e359df6c2,Documentation/Analysis_Guides/Procedures/USP_ObjectAnalysis.md,9885,c06c85e4c3aeb11fb46d10b7fec7ef21ac4fb0b176a71b1ad8e34670ff0ce975,False,False
SQL_Server_Analyze,main,612bcc60d4a8a34c05ab28ffc6ce964e359df6c2,Documentation/Analysis_Guides/Procedures/USP_ObjectInventory.md,11694,fb35f056f365f700e9dedc98947f8576d5b191a53199570e3ad95c70a1c1090c,False,False
SQL_Server_Analyze,main,612bcc60d4a8a34c05ab28ffc6ce964e359df6c2,Documentation/Analysis_Guides/Procedures/USP_Partitions.md,9606,aaf91529cec73559460183c1a3f261a473c8ef953abfe47729ec950651b07c6a,False,False
SQL_Server_Analyze,main,612bcc60d4a8a34c05ab28ffc6ce964e359df6c2,Documentation/Analysis_Guides/Procedures/USP_PerformanceCounters.md,9106,99ac478e284ed286636b52ca3f6a2636e9150520c81e6908e74b19d5a96e74b5,False,False
SQL_Server_Analyze,main,612bcc60d4a8a34c05ab28ffc6ce964e359df6c2,Documentation/Analysis_Guides/Procedures/USP_PlanCacheAnalysis.md,9738,beeb2054c06010a5b9d787db31a2742ceca30ddedf92fdd9a9f2f8b3442eb20f,False,False
SQL_Server_Analyze,main,612bcc60d4a8a34c05ab28ffc6ce964e359df6c2,Documentation/Analysis_Guides/Procedures/USP_PlanCacheHealth.md,8740,4cfee93d04d89f36403efbe67241fd1daa9970bc38661c44a8c6cc62e3f9b6a5,False,False
SQL_Server_Analyze,main,612bcc60d4a8a34c05ab28ffc6ce964e359df6c2,Documentation/Analysis_Guides/Procedures/USP_PlanDetails.md,9479,f24f8b88a59ee6152576500c7b60ad6166ff20adf8889a111f7886a5e093c6c3,False,False
SQL_Server_Analyze,main,612bcc60d4a8a34c05ab28ffc6ce964e359df6c2,Documentation/Analysis_Guides/Procedures/USP_PrepareDatabaseCandidates.md,8954,839eea14b507074581e365669a316c9ce77fe2f75e5afe50e65977d1dc6a41bf,False,False
SQL_Server_Analyze,main,612bcc60d4a8a34c05ab28ffc6ce964e359df6c2,Documentation/Analysis_Guides/Procedures/USP_PrepareNameFilters.md,8567,f753b0f4d9d1f73a5f6600096e1f463b046fe85b75e2497ca776db5a127cd5c7,False,False
SQL_Server_Analyze,main,612bcc60d4a8a34c05ab28ffc6ce964e359df6c2,Documentation/Analysis_Guides/Procedures/USP_PurgeSnapshotData.md,3625,7ebc14263c316da6526a1866ba96bb501b755f94d6fd1187603f3a04a66da8ae,False,False
SQL_Server_Analyze,main,612bcc60d4a8a34c05ab28ffc6ce964e359df6c2,Documentation/Analysis_Guides/Procedures/USP_QueryHashAnalysis.md,9053,bc2116f0cc6d2d22528b18cda18f0392dc54575f293fa112c68ec5ca5fff3add,False,False
SQL_Server_Analyze,main,612bcc60d4a8a34c05ab28ffc6ce964e359df6c2,Documentation/Analysis_Guides/Procedures/USP_QueryStats.md,9105,1b9d3a49083afcdfcebeefd95ea4cf9035422a8317ada47a0c0054e99ae4fa54,False,False
SQL_Server_Analyze,main,612bcc60d4a8a34c05ab28ffc6ce964e359df6c2,Documentation/Analysis_Guides/Procedures/USP_QueryStoreAnalysis.md,9332,950ac359241817b23019a9b34cb298bae0e702ea1fd3d7e9425a8ba40a5b64f5,False,False
SQL_Server_Analyze,main,612bcc60d4a8a34c05ab28ffc6ce964e359df6c2,Documentation/Analysis_Guides/Procedures/USP_QueryStoreForcedPlans.md,8728,1e1f4b9dd8f61e786a700c9bfae3a4670022bc2b147a51975f6909bc8b8e344b,False,False
SQL_Server_Analyze,main,612bcc60d4a8a34c05ab28ffc6ce964e359df6c2,Documentation/Analysis_Guides/Procedures/USP_QueryStoreHints.md,8294,e447a4ce2e2a64efb1025c734fb20145ab08b5c604ee21e0a6d38c6b8306cce9,False,False
SQL_Server_Analyze,main,612bcc60d4a8a34c05ab28ffc6ce964e359df6c2,Documentation/Analysis_Guides/Procedures/USP_QueryStorePlanChanges.md,8906,01fcdf427008edf8ff97a2a2359ddccb451cd2118f241195e184da0504618982,False,False
SQL_Server_Analyze,main,612bcc60d4a8a34c05ab28ffc6ce964e359df6c2,Documentation/Analysis_Guides/Procedures/USP_QueryStoreRegressions.md,9302,d742a0a7ad8e0754a876ae51f59faa9354328fc27878586e31d334c9ad8c7dd4,False,False
SQL_Server_Analyze,main,612bcc60d4a8a34c05ab28ffc6ce964e359df6c2,Documentation/Analysis_Guides/Procedures/USP_QueryStoreRuntimeStats.md,9872,23864f6057b3d29255c302e02f220db46f9b7cc17f170a1fcf795a88febde705,False,False
SQL_Server_Analyze,main,612bcc60d4a8a34c05ab28ffc6ce964e359df6c2,Documentation/Analysis_Guides/Procedures/USP_QueryStoreStatus.md,8321,fa7238a1591915689006c43741ea0ba81fd24dd2301edd6806c44b712d0a8d8b,False,False
SQL_Server_Analyze,main,612bcc60d4a8a34c05ab28ffc6ce964e359df6c2,Documentation/Analysis_Guides/Procedures/USP_QueryStoreWaitStats.md,9284,1b5f08772221529de6ec7c12618b385e956d70b3c76bc0f53681bbe990829ba6,False,False
SQL_Server_Analyze,main,612bcc60d4a8a34c05ab28ffc6ce964e359df6c2,Documentation/Analysis_Guides/Procedures/USP_ReplicationStatus.md,8308,b974e75efa20d20018be9aa8282b1988932c3d6754ef4db7841991945772422a,False,False
SQL_Server_Analyze,main,612bcc60d4a8a34c05ab28ffc6ce964e359df6c2,Documentation/Analysis_Guides/Procedures/USP_ResourceGovernorAnalysis.md,9545,69a95ee5b780c0e28dcb78f1202c8b1c8aa58f20bc75b607fbfb18ad32f390d1,False,False
SQL_Server_Analyze,main,612bcc60d4a8a34c05ab28ffc6ce964e359df6c2,Documentation/Analysis_Guides/Procedures/USP_RunSnapshotCollectionCycle.md,4116,7b468685cd3d24ac613e70ef70b3b83f305af125e3b8aac7129edd459e2c7ecd,False,False
SQL_Server_Analyze,main,612bcc60d4a8a34c05ab28ffc6ce964e359df6c2,Documentation/Analysis_Guides/Procedures/USP_SchemaDesignAnalysis.md,9648,1a0d411f06b266dcd8803cc1b3b096a2b14fa9136d45c4fc01ac9665c2c2f391,False,False
SQL_Server_Analyze,main,612bcc60d4a8a34c05ab28ffc6ce964e359df6c2,Documentation/Analysis_Guides/Procedures/USP_ServerConfiguration.md,7517,28887d228c691b06b59a7445b4a8dbb2ea1febac0ce1c71f09f55306d205968d,False,False
SQL_Server_Analyze,main,612bcc60d4a8a34c05ab28ffc6ce964e359df6c2,Documentation/Analysis_Guides/Procedures/USP_ServerCpuTopology.md,7702,3039c89bd46d5cf40fe28ed860621f50e51457fefa0ff8e015c638f51a1d2790,False,False
SQL_Server_Analyze,main,612bcc60d4a8a34c05ab28ffc6ce964e359df6c2,Documentation/Analysis_Guides/Procedures/USP_ServerFeatureCapabilities.md,11883,e6fc4ae585d72fda6324812cdfc9986311a7bd262f30d2ae26108e5e2fe11bdf,False,False
SQL_Server_Analyze,main,612bcc60d4a8a34c05ab28ffc6ce964e359df6c2,Documentation/Analysis_Guides/Procedures/USP_ServerHealthAnalysis.md,8512,b689c75f4a9d136be40d3dee838fafd1a62b544f1b22cb02f05baa3fad401abc,False,False
SQL_Server_Analyze,main,612bcc60d4a8a34c05ab28ffc6ce964e359df6c2,Documentation/Analysis_Guides/Procedures/USP_ServerMemory.md,8656,c4f7ed17fd7db3ec994c9a9d56e74a2f4f5db310019b2b24eea396bf7c601124,False,False
SQL_Server_Analyze,main,612bcc60d4a8a34c05ab28ffc6ce964e359df6c2,Documentation/Analysis_Guides/Procedures/USP_ServerNuma.md,7714,253957abe51ea7aad7f54a76e9b3c8f4b248bcdbfad3bb39864d653d521ea821,False,False
SQL_Server_Analyze,main,612bcc60d4a8a34c05ab28ffc6ce964e359df6c2,Documentation/Analysis_Guides/Procedures/USP_ServerSecurityConfiguration.md,7817,9c9a31a276c0b6583f34aea145c1100447913ae859c2cfca819b660d3ca900b9,False,False
SQL_Server_Analyze,main,612bcc60d4a8a34c05ab28ffc6ce964e359df6c2,Documentation/Analysis_Guides/Procedures/USP_ServerVersionInformation.md,11687,7f37ecf82627cacd86f592f334a427ed850d338fef2ee6303cd924c1a196cfc8,False,False
SQL_Server_Analyze,main,612bcc60d4a8a34c05ab28ffc6ce964e359df6c2,Documentation/Analysis_Guides/Procedures/USP_ServiceBrokerAnalysis.md,10571,2624290db1d10624bcd9f09284cd68652a2da4b40007d32596521415be771f3c,False,False
SQL_Server_Analyze,main,612bcc60d4a8a34c05ab28ffc6ce964e359df6c2,Documentation/Analysis_Guides/Procedures/USP_ShowplanAnalysis.md,10355,bc46fd1c7412a3bae6c66a51843010725500de70bc18b3d727100cafdb8a4a23,False,False
SQL_Server_Analyze,main,612bcc60d4a8a34c05ab28ffc6ce964e359df6c2,Documentation/Analysis_Guides/Procedures/USP_SpecialFeatureInventory.md,11923,66ce9583481cbd77c93b5be7a45ca439f5e1c1bcd1c19a0f0b5ce54a2443c63b,False,False
SQL_Server_Analyze,main,612bcc60d4a8a34c05ab28ffc6ce964e359df6c2,Documentation/Analysis_Guides/Procedures/USP_StartupParameters.md,7468,aa7640414471ec0d808704ccd93b8761f29062415651f95cebbdb0e9538e77e7,False,False
SQL_Server_Analyze,main,612bcc60d4a8a34c05ab28ffc6ce964e359df6c2,Documentation/Analysis_Guides/Procedures/USP_Statistics.md,13429,e44565b2bd131d46810ddfa9a7228b9963fc8696e0d5e3653992bfb69952cc5a,False,False
SQL_Server_Analyze,main,612bcc60d4a8a34c05ab28ffc6ce964e359df6c2,Documentation/Analysis_Guides/Procedures/USP_StatisticsDistributionAnalysis.md,9849,3d63a261ddd3aad379391a4d440abd061916c6d5a7b97f61140c753889921b4d,False,False
SQL_Server_Analyze,main,612bcc60d4a8a34c05ab28ffc6ce964e359df6c2,Documentation/Analysis_Guides/Procedures/USP_TempDBConfiguration.md,7723,ff46485c4f8d18acd4c042c220c2ad03b6f8532527174a161f0ce0dc4910ae55,False,False
SQL_Server_Analyze,main,612bcc60d4a8a34c05ab28ffc6ce964e359df6c2,Documentation/Analysis_Guides/Procedures/USP_TemporalAnalysis.md,9063,b57ea181377fb7a3cfd374439a9233b80672b7556ab509deb1406d3d8df66eb2,False,False
SQL_Server_Analyze,main,612bcc60d4a8a34c05ab28ffc6ce964e359df6c2,Documentation/Analysis_Guides/Procedures/USP_TraceFlags.md,7528,b12246e28979b7dfcd0f696b5843a0674d548ce7a79408541911e42375ad1893,False,False
SQL_Server_Analyze,main,612bcc60d4a8a34c05ab28ffc6ce964e359df6c2,Documentation/Analysis_Guides/Procedures/USP_VectorIndexAnalysis.md,6288,cc3552c7f40bab6f53ced6c10b8650ebbf8830d569cae53e75a209fffc155d3c,False,False
SQL_Server_Analyze,main,612bcc60d4a8a34c05ab28ffc6ce964e359df6c2,Documentation/Analysis_Guides/Procedures/USP_WorkerPressureAnalysis.md,10591,79d8f0fb93f668aa419531974d639ec9c1ca5b186819bfdfa34031de293f1df6,False,False
SQL_Server_Analyze,main,612bcc60d4a8a34c05ab28ffc6ce964e359df6c2,Documentation/Analysis_Guides/README.md,6019,a577ec00b9213d4ecc9acfd09c99f7405f4c8b41d6b1c4813f51ca0c515f9362,False,False
SQL_Server_Analyze,main,612bcc60d4a8a34c05ab28ffc6ce964e359df6c2,Documentation/Analysis_Guides/Runbooks/01_User_Hangs_Blocking.md,1310,c26059dfe68e737ef5bcec146cd69ca723fabd08ce84914cee8f062dfc8d004d,False,False
SQL_Server_Analyze,main,612bcc60d4a8a34c05ab28ffc6ce964e359df6c2,Documentation/Analysis_Guides/Runbooks/02_High_CPU.md,1048,da8058a27429a68a81b8073ac11f725f5ebcbe5dca91eabe7cfeae503cd35e27,False,False
SQL_Server_Analyze,main,612bcc60d4a8a34c05ab28ffc6ce964e359df6c2,Documentation/Analysis_Guides/Runbooks/03_Query_Regression.md,891,7ed1ca2d26fa43637aa254cd2c2b33009ad2510b8ac76f5a8d81295372f6ac57,False,False
SQL_Server_Analyze,main,612bcc60d4a8a34c05ab28ffc6ce964e359df6c2,Documentation/Analysis_Guides/Runbooks/04_TempDB_Growth.md,1032,2b27cd761a11895ae85a89ef055b9933dcf198390dc887810118352c4df4d3d6,False,False
SQL_Server_Analyze,main,612bcc60d4a8a34c05ab28ffc6ce964e359df6c2,Documentation/Analysis_Guides/Runbooks/05_Transaction_Log_Full.md,891,d015a659925837b60544ee67557a43647b82d05681ed58e455d07d0ea4240047,False,False
SQL_Server_Analyze,main,612bcc60d4a8a34c05ab28ffc6ce964e359df6c2,Documentation/Analysis_Guides/Runbooks/06_Memory_Grant_Queue.md,828,4430049c1fb2ce7b420c80cee29eae03ffc29c344afce379f0e7eb62b2f66556,False,False
SQL_Server_Analyze,main,612bcc60d4a8a34c05ab28ffc6ce964e359df6c2,Documentation/Analysis_Guides/Runbooks/07_IO_Latency.md,847,916fbaa3bb5d9d08d5e03c8d75bfc5ae57cb2438d72be5ab971a997acfc39ef6,False,False
SQL_Server_Analyze,main,612bcc60d4a8a34c05ab28ffc6ce964e359df6c2,Documentation/Analysis_Guides/Runbooks/08_Unused_Index.md,896,0ee9823db863ecda61ef4d09a194ce89102897e2ca7b1e93d5be38eff63bdbf6,False,False
SQL_Server_Analyze,main,612bcc60d4a8a34c05ab28ffc6ce964e359df6c2,Documentation/Analysis_Guides/Runbooks/09_Backup_Integrity_Risk.md,916,634d144a466a9e938ec1a39c89900ef6e8668abd064e074fc88f76523cdb95fe,False,False
SQL_Server_Analyze,main,612bcc60d4a8a34c05ab28ffc6ce964e359df6c2,Documentation/Analysis_Guides/Runbooks/10_Availability_Group_Lag.md,756,fd36ed328df4fd0a3e9a71e3eb382d64c1a6a499b2e51a8141be27cb2ffe9a79,False,False
SQL_Server_Analyze,main,612bcc60d4a8a34c05ab28ffc6ce964e359df6c2,Documentation/Analysis_Guides/Runbooks/README.md,1047,8d6492b9b3779eedd571111bd5e6c6ff3b715970103fc29f75b0d3de054ebe4e,False,False
SQL_Server_Analyze,main,612bcc60d4a8a34c05ab28ffc6ce964e359df6c2,Documentation/Analysis_Guides/Start_Here.md,8947,43139238271245b63cee6f4e43b454c6b60585ccd7b6563d533ba578bfa4f72b,False,False
SQL_Server_Analyze,main,612bcc60d4a8a34c05ab28ffc6ce964e359df6c2,Documentation/Analysis_Guides/Technical_Foundations.md,9094,eb49aa73be1b6ace0cc443c22fe4991da498e6b624990be7f2f42eb064f0eb83,False,False
SQL_Server_Analyze,main,612bcc60d4a8a34c05ab28ffc6ce964e359df6c2,Documentation/Analysis_Guides/Version_Primary_Source_Matrix.md,9153,538785ca18a521ae4e92570dfa02562999074180e57f73cd69da4663012f1075,False,False
SQL_Server_Analyze,main,612bcc60d4a8a34c05ab28ffc6ce964e359df6c2,Documentation/Architecture/Authorization_Architecture.md,9410,440750ec9dd442343382bbcb340381db166469b4fcdceb5fc644bfcd02091fc5,False,False
SQL_Server_Analyze,main,612bcc60d4a8a34c05ab28ffc6ce964e359df6c2,Documentation/Architecture/Current_Request_Context_Contract.md,3841,6e74f6b1e07d197eee39db486c1dab7ce9917b847ce8a6704bfbfe0685873ed2,False,False
SQL_Server_Analyze,main,612bcc60d4a8a34c05ab28ffc6ce964e359df6c2,Documentation/Architecture/Database_Console_Table_Contract.md,13718,f2035729549ff7e2bbb2551dfb031b08542b294143d8911b53e5ee7cc2aad80e,False,False
SQL_Server_Analyze,main,612bcc60d4a8a34c05ab28ffc6ce964e359df6c2,Documentation/Architecture/Docker_Podman_Quick_Test_System_Requirements.md,12252,f244ebc480a4a24fbe990db67c09521cf76d3e72070844073a13b3af029fdc1c,False,False
SQL_Server_Analyze,main,612bcc60d4a8a34c05ab28ffc6ce964e359df6c2,Documentation/Architecture/Execution_Plan_Analysis_Design.md,16940,ebdf95b4ab6c1ec2e37650bac1cd9b7a572a86ee1d19b4310758fafa54611d5e,False,False
SQL_Server_Analyze,main,612bcc60d4a8a34c05ab28ffc6ce964e359df6c2,Documentation/Architecture/Execution_Plan_Analysis_Installation_Contract.md,7481,1dd97e0d73bfe10f884a4b602c0f271ba7bdf25ab91b12f3e2bbf7ee3e983246,False,False
SQL_Server_Analyze,main,612bcc60d4a8a34c05ab28ffc6ce964e359df6c2,Documentation/Architecture/External_Runtime_CLR_Analysis_Plan.md,26811,9395516df260af2f4505702d6a6036a5ac62ce23b5f636622bae9b2e577b586c,False,False
SQL_Server_Analyze,main,612bcc60d4a8a34c05ab28ffc6ce964e359df6c2,Documentation/Architecture/Filter_Lists_and_Patterns.md,1749,8b3c84bc4e8ca2346991e4e917594e5063ab3ec8f5ad44ef2b9cc212125b92a4,False,False
SQL_Server_Analyze,main,612bcc60d4a8a34c05ab28ffc6ce964e359df6c2,Documentation/Architecture/Implementation_Status_Model.md,4775,b1e3bdba9878444d5a0a45a6a53b3046418cc80c45ebb4195528d710b24a6635,False,False
SQL_Server_Analyze,main,612bcc60d4a8a34c05ab28ffc6ce964e359df6c2,Documentation/Architecture/Memory_Grants_and_Resource_Governor.md,1371,24451c80fc6094a63e54537c2363e4d8a131beaef13fadc57d007e7bf368c822,False,False
SQL_Server_Analyze,main,612bcc60d4a8a34c05ab28ffc6ce964e359df6c2,Documentation/Architecture/Output_RAW_CONSOLE_JSON.md,4348,ee18ff6590227904c39bfff205e76cbea29a6948a0b76cb6fedd7437935fec2c,False,False
SQL_Server_Analyze,main,612bcc60d4a8a34c05ab28ffc6ce964e359df6c2,Documentation/Architecture/Parameter_API.md,2153,f167fa24e542869338a98c64bc1db7268f351fa8f5dfd03dfae2d93079cdc2e5,False,False
SQL_Server_Analyze,main,612bcc60d4a8a34c05ab28ffc6ce964e359df6c2,Documentation/Architecture/Reproducible_Diagnostic_Lab_Plan.md,68970,70417bda57079a7dd3740e7730944cd4ae98b848d340e8afcb7c4406054f2034,False,False
SQL_Server_Analyze,main,612bcc60d4a8a34c05ab28ffc6ce964e359df6c2,Documentation/Architecture/Row_Limits.md,1091,e202b780f0608ba5e9746739811591cc6cc3095ec60e8d37d5e17773ff279637,False,False
SQL_Server_Analyze,main,612bcc60d4a8a34c05ab28ffc6ce964e359df6c2,Documentation/Architecture/Runtime_Data_Privacy.md,7708,14c9a043ab3f695a3e0e22d9d32ff28b8f0d9944bcbe322e87a5e596179f2d9c,False,False
SQL_Server_Analyze,main,612bcc60d4a8a34c05ab28ffc6ce964e359df6c2,Documentation/Architecture/SQL_Server_2025_JSON_Index_Inventory.md,6469,08cdf1be9a2176659ab648b3294af58e4728f3d809f0de6bfe52b064f8b3dc54,False,False
SQL_Server_Analyze,main,612bcc60d4a8a34c05ab28ffc6ce964e359df6c2,Documentation/Architecture/SQL_Server_2025_Readable_Secondary_Statistics.md,9364,54238f31809c6d3118cb32ad1cf6656799549dab38c418e3f870c1d8288ab7d1,False,False
SQL_Server_Analyze,main,612bcc60d4a8a34c05ab28ffc6ce964e359df6c2,Documentation/Architecture/SQL_Server_2025_TempDB_Resource_Governance.md,8439,6eb048e84e659036657d8534adf56307ddff3730e7884d1c1cf140539c147a74,False,False
SQL_Server_Analyze,main,612bcc60d4a8a34c05ab28ffc6ce964e359df6c2,Documentation/Architecture/SQL_Server_2025_Vector_Index_Analysis.md,6373,dff34b1b6d090e03b318365182c51b4fa7047e6270576afbefa1d0a40f8b69d7,False,False
SQL_Server_Analyze,main,612bcc60d4a8a34c05ab28ffc6ce964e359df6c2,Documentation/Architecture/SQL_Text_Statement_Batch_Module.md,5277,93e3f391353d4ec24aa77a375307ba2ef3b1d8cb6ef1e2fd17797b39ad68d13a,False,False
SQL_Server_Analyze,main,612bcc60d4a8a34c05ab28ffc6ce964e359df6c2,Documentation/Architecture/SSIS_Package_and_Execution_Analysis_Plan.md,43340,8d5e7db37ce2d7dfba7d846e71e440c8dd9ae33e0c4538c5465cbe11195e8752,False,False
SQL_Server_Analyze,main,612bcc60d4a8a34c05ab28ffc6ce964e359df6c2,Documentation/Architecture/Snapshot_Baseline_Package_Contract.md,9225,429a8289f6e079649b35015f0d7e749e38743639571e0c4d633aa26ff6757e7a,False,False
SQL_Server_Analyze,main,612bcc60d4a8a34c05ab28ffc6ce964e359df6c2,Documentation/Architecture/Special_Case_Modules.md,8757,80281697a3def4ff87c356df9e0fe590926f9ccf18592ab03d3e3249e9767bf7,False,False
SQL_Server_Analyze,main,612bcc60d4a8a34c05ab28ffc6ce964e359df6c2,Documentation/Architecture/Tool_Background_Query_Filtering.md,5824,0042b6a9dde0f41096002221c11838b79f698e44da9367b44514c7a27ce67906,False,False
SQL_Server_Analyze,main,612bcc60d4a8a34c05ab28ffc6ce964e359df6c2,Documentation/Lab/GitHub_Runner_Service_Removal.md,2828,395f330dc5933c77700e7cea03d77f7b948a5f3f956e33cf6c6f98cfc0e75629,False,False
SQL_Server_Analyze,main,612bcc60d4a8a34c05ab28ffc6ce964e359df6c2,Documentation/Operations/Authorization_Administration.md,9403,029af77706acb4ad3e283b6430f99a6b5cf62f61daf7c81263679548c25a478f,False,False
SQL_Server_Analyze,main,612bcc60d4a8a34c05ab28ffc6ce964e359df6c2,Documentation/Operations/Authorization_Troubleshooting.md,6675,595eac2dd33fbf5f0c76aea54cbea6c53c0ec885020c673c2df44d34c3b29a86,False,False
SQL_Server_Analyze,main,612bcc60d4a8a34c05ab28ffc6ce964e359df6c2,Documentation/Operations/Snapshot_Baseline_Operations.md,6191,06e813976fef91bb8724b45d5f4df91ef134642adfae3c7d4e31ad924931fd8c,False,False
SQL_Server_Analyze,main,612bcc60d4a8a34c05ab28ffc6ce964e359df6c2,Documentation/Operations/Version_Adaptive_Features.md,992,400f6ef3cc04cbc3e521a3681df4e7b3b86c95ea7d23b6a522d2bcc5495de4e1,False,False
SQL_Server_Analyze,main,612bcc60d4a8a34c05ab28ffc6ce964e359df6c2,Documentation/Operations/Wait_Stats_Methodology.md,1636,e947bc2c7583f91558fa0ada2f7f48b3fb41f15ed401962fd26078161141c28e,False,False
SQL_Server_Analyze,main,612bcc60d4a8a34c05ab28ffc6ce964e359df6c2,Documentation/Operations/Wait_Type_Catalog.md,4667,680417cbdb20db38864589af1f258bf946c5520798c501252512dcbbe52cd465,False,False
SQL_Server_Analyze,main,612bcc60d4a8a34c05ab28ffc6ce964e359df6c2,Documentation/Quality/CI_Impact_Selection.md,2122,15bfda9f4cc42bbc0e073bdee9bc0839b6906441e94e0c18eb5202d6fe162802,False,False
SQL_Server_Analyze,main,612bcc60d4a8a34c05ab28ffc6ce964e359df6c2,Documentation/Quality/Documentation_Style_Review.md,2749,165bca2ee0c6448f97c7108037014e898ec831fb552ecda026c0bfda92256bd0,False,False
SQL_Server_Analyze,main,612bcc60d4a8a34c05ab28ffc6ce964e359df6c2,Documentation/Quality/Documentation_Writing_Style.md,6734,a39aad0d73698e71813453a1e67d07028f828a20832a96d5b62b1e1507e2a7a5,False,False
SQL_Server_Analyze,main,612bcc60d4a8a34c05ab28ffc6ce964e359df6c2,Documentation/Quality/Known_Issues.md,4528,cd8e7d914d3bf922601cc813f3bf6c36a8377655fb766628363908aaff12245d,False,False
SQL_Server_Analyze,main,612bcc60d4a8a34c05ab28ffc6ce964e359df6c2,Documentation/Quality/Performance_and_Risk_Assessment.md,4002,9e6199fed2e92763a00bdfb6fe015e11ad059956f8372d51b3e575bbf9c610eb,False,False
SQL_Server_Analyze,main,612bcc60d4a8a34c05ab28ffc6ce964e359df6c2,Documentation/Quality/Release_Notes.md,19730,1bfb2e53c5dd0899500f622568fc48c53da4cb6fe755f911b053ebe419a8a1a2,False,False
SQL_Server_Analyze,main,612bcc60d4a8a34c05ab28ffc6ce964e359df6c2,Documentation/Quality/Test_Matrix.md,6875,7957c798551733f6b14147fda1f558c4282a5b53b96e481e3c0aeb1496d4aaea,False,False
SQL_Server_Analyze,main,612bcc60d4a8a34c05ab28ffc6ce964e359df6c2,Documentation/README.md,8228,28a2b21aa241d4f30107f4241f7cf7c957070d8b7079d12de22c683ce8d4bd99,False,False
SQL_Server_Analyze,main,612bcc60d4a8a34c05ab28ffc6ce964e359df6c2,Documentation/Reference/Analysis_Navigator.md,15778,893e57d8ad7f2d6c766a6ed16ff60556b5972f2ad5bd01f9c3c9569e55a0632a,False,False
SQL_Server_Analyze,main,612bcc60d4a8a34c05ab28ffc6ce964e359df6c2,Documentation/Reference/Authorization_Policy_Examples.md,7144,2dcf96f9127db432b7c4e4e53c1b37a789877363c7791aed485ea8600bae70f3,False,False
SQL_Server_Analyze,main,612bcc60d4a8a34c05ab28ffc6ce964e359df6c2,Documentation/Reference/Authorization_Status_and_Access_Reasons.md,4076,78348879489f132b833436bbabe4c0232c0702fb307f52a5cceb44f6b553a059,False,False
SQL_Server_Analyze,main,612bcc60d4a8a34c05ab28ffc6ce964e359df6c2,Documentation/Reference/Call_Catalog.md,14671,3fd0c55d33f0b9bf3d0dd72b78c70367f41ff5a1a40234af4cd253733a90202a,False,False
SQL_Server_Analyze,main,612bcc60d4a8a34c05ab28ffc6ce964e359df6c2,Documentation/Reference/Installation.md,20982,527d8fdc475d6d784a54d9102fbc3bc63a65b6320186d138c2593612b40c0cdf,False,False
SQL_Server_Analyze,main,612bcc60d4a8a34c05ab28ffc6ce964e359df6c2,Documentation/Reference/Object_Reference.md,93223,a5e1b0c8459f8f7d7e68c065c6c6730654a1148acc12a0e6f4b22739cc28404c,False,False
SQL_Server_Analyze,main,612bcc60d4a8a34c05ab28ffc6ce964e359df6c2,Documentation/Reference/Procedure_Reference.md,112806,93c12d5d5c0a75ba1f6b93628186cfe35c594a1856da5f344a65466e1eff9495,False,False
SQL_Server_Analyze,main,612bcc60d4a8a34c05ab28ffc6ce964e359df6c2,Documentation/Reference/Resultset_Conventions.md,3025,6c1075353181ceaaf74c4f1c264243ea182b79c099f0e139ab5e3cf65608bd54,False,False
SQL_Server_Analyze,main,612bcc60d4a8a34c05ab28ffc6ce964e359df6c2,Documentation/Reference/Scenarios.md,3216,90c066f7c6f40b18ff9fd20d8e0e5adf45580a83e41d6fcf6da08cc5359648e1,False,False
SQL_Server_Analyze,main,612bcc60d4a8a34c05ab28ffc6ce964e359df6c2,Documentation/Reference/Scope_and_Limitations.md,4972,869e4047a90ea4d18aad50eeef294bfc398439b89b935947753016d16fc9e765,False,False
SQL_Server_Analyze,main,612bcc60d4a8a34c05ab28ffc6ce964e359df6c2,LICENSE.md,6329,b513a23d5ca4484aa6f1ce78179da5a90edc3bf7929eb5cd5c726c8c08ca6ecd,False,False
SQL_Server_Analyze,main,612bcc60d4a8a34c05ab28ffc6ce964e359df6c2,Lab/.gitignore,401,4bd2404b3a7fd00d66e401df95c4ea23e2224c6853b589fd131b98953fddc7c3,False,False
SQL_Server_Analyze,main,612bcc60d4a8a34c05ab28ffc6ce964e359df6c2,Lab/Config/.gitignore,16,fa81b79ff172001c672eec4e33f23415a4abc39ad6ca67b9b6d9f07c5a8d5896,False,False
SQL_Server_Analyze,main,612bcc60d4a8a34c05ab28ffc6ce964e359df6c2,Lab/Config/capability-overrides.example.json,371,23696e2ee375ad7e43549644ed18fc7be9f84c6462ae2f1722da81681f082d30,False,False
SQL_Server_Analyze,main,612bcc60d4a8a34c05ab28ffc6ce964e359df6c2,Lab/Config/host-capabilities.example.json,1074,261e63f579986f5c2292366ff05d5f4adb3fd8fa4364c2db122b561a71750d7f,False,False
SQL_Server_Analyze,main,612bcc60d4a8a34c05ab28ffc6ce964e359df6c2,Lab/Config/image-lock.example.json,2225,5c303d5c29780e02a8a7bae19b5f2780309c684c44dcdffd81ebf0f5d3385ba4,False,False
SQL_Server_Analyze,main,612bcc60d4a8a34c05ab28ffc6ce964e359df6c2,Lab/Config/lab.config.example.psd1,2320,bc2594d72995ee87ffe5aa0efa5ec9729b11551fe5dbc7555de673b18b8a63b3,False,False
SQL_Server_Analyze,main,612bcc60d4a8a34c05ab28ffc6ce964e359df6c2,Lab/Config/resource-profiles.json,2802,775239e4640540bb7d2b14e8671a669cac879e25c85b7e9badc981a1eeab0e25,False,False
SQL_Server_Analyze,main,612bcc60d4a8a34c05ab28ffc6ce964e359df6c2,Lab/Containers/Scripts/bootstrap-linux.sh,700,f366a481a9db0763e7505283a07936c1ed9af325818e5494aa4b5c236d7b324f,False,False
SQL_Server_Analyze,main,612bcc60d4a8a34c05ab28ffc6ce964e359df6c2,Lab/Containers/compose.docker.yaml,160,8e57b778522d9ad6c2981a8f02f247a207f8a15609fe2ff180eb84a6226a79ca,False,False
SQL_Server_Analyze,main,612bcc60d4a8a34c05ab28ffc6ce964e359df6c2,Lab/Containers/compose.yaml,1581,9419240d50f5d4bee0c6c249eacb0d6075d8a5089b3e617300e53ec4514a416a,False,False
SQL_Server_Analyze,main,612bcc60d4a8a34c05ab28ffc6ce964e359df6c2,Lab/Containers/quick-test.compose.docker.yaml,378,ef5380aa7bb027768896fd30de176a63a3af3494a6e8c3d30c93b0f721a09ca8,False,False
SQL_Server_Analyze,main,612bcc60d4a8a34c05ab28ffc6ce964e359df6c2,Lab/Containers/quick-test.compose.podman.yaml,378,e46024197bc0b07e77ba613fcd759a185b229732a7e7369984c97e77e3714b28,False,False
SQL_Server_Analyze,main,612bcc60d4a8a34c05ab28ffc6ce964e359df6c2,Lab/Containers/quick-test.compose.yaml,4809,40980de59ee489ab3e4f53ae37cb06d48cf394359b39651deee85871513a5e5e,False,False
SQL_Server_Analyze,main,612bcc60d4a8a34c05ab28ffc6ce964e359df6c2,Lab/Containers/wave4.compose.docker.yaml,529,05c1377e2599f9b107bd78895f057aa07fb93566bee347c619f8bc3e555021f5,False,False
SQL_Server_Analyze,main,612bcc60d4a8a34c05ab28ffc6ce964e359df6c2,Lab/Containers/wave4.compose.yaml,4436,ef1303a271fe49e4a261466a027354cb153953dc4552ee252ebfbbb8166bb4d3,False,False
SQL_Server_Analyze,main,612bcc60d4a8a34c05ab28ffc6ce964e359df6c2,Lab/Contracts/contract-fixture.schema.json,1389,24dd8b5772f7926eb08377366a99a6adfe6d049ea3df718fe4951679c075de41,False,False
SQL_Server_Analyze,main,612bcc60d4a8a34c05ab28ffc6ce964e359df6c2,Lab/Contracts/evidence.schema.json,2191,acb5f425651c8924bb5549af726f62f316dc2107d8afafec294f30a7f227fe5e,False,False
SQL_Server_Analyze,main,612bcc60d4a8a34c05ab28ffc6ce964e359df6c2,Lab/Contracts/finding-expectation.schema.json,1399,aa12fc7f811da7d007f68bf13202c4699732ca39aa86cfec594e1b433daedc95,False,False
SQL_Server_Analyze,main,612bcc60d4a8a34c05ab28ffc6ce964e359df6c2,Lab/Contracts/host-capability.schema.json,3525,dfff00853c64f82dabeae0b5026b90105e30f593418d4ee5ac550a5ab4b4f49e,False,False
SQL_Server_Analyze,main,612bcc60d4a8a34c05ab28ffc6ce964e359df6c2,Lab/Contracts/hyperv-image-pipeline.schema.json,6558,0ccc6c3b0d454b19d38ec39c7307b01e1a79ef390623c40e0a58146114f98075,False,False
SQL_Server_Analyze,main,612bcc60d4a8a34c05ab28ffc6ce964e359df6c2,Lab/Contracts/lab-config.schema.json,4171,7f0299851358bc815589d34441ba5bddc7e4f06c98a8b3c8e728721d7de534ef,False,False
SQL_Server_Analyze,main,612bcc60d4a8a34c05ab28ffc6ce964e359df6c2,Lab/Contracts/scenario-runbook.schema.json,2570,0bd0fc2690cdde544639bb192669abe3085341738835fc79c8d2b8a6e4919250,False,False
SQL_Server_Analyze,main,612bcc60d4a8a34c05ab28ffc6ce964e359df6c2,Lab/Contracts/scenario.schema.json,6727,beeb43692a47ab395d3b17d9421238f1edae272be618ecb877f496abe94aeda4,False,False
SQL_Server_Analyze,main,612bcc60d4a8a34c05ab28ffc6ce964e359df6c2,Lab/Contracts/topology.schema.json,2629,fa3cd32191782b27eedf29b66f44e3bc872d1173060119c08a6274cdd1831cca,False,False
SQL_Server_Analyze,main,612bcc60d4a8a34c05ab28ffc6ce964e359df6c2,Lab/Contracts/wave4-topology-profile.schema.json,3519,cfd662e7d37da8f262364fa8740df0052301d1b32d79f8496bbd5ba26220b443,False,False
SQL_Server_Analyze,main,612bcc60d4a8a34c05ab28ffc6ce964e359df6c2,Lab/HyperV/Images/README.md,3089,899916c6818645810a273f78434c36a87d47c4b4f3265fb710148e2ee4605883,False,False
SQL_Server_Analyze,main,612bcc60d4a8a34c05ab28ffc6ce964e359df6c2,Lab/HyperV/Images/image-pipeline-contract.json,6002,edfaadcf3f6a84f2d17e6c84774be6aa2f04a4f00749df7754be19d572add2db,False,False
SQL_Server_Analyze,main,612bcc60d4a8a34c05ab28ffc6ce964e359df6c2,Lab/Install-Lab.ps1,14196,94ccaadab01c10ba824b2777669073317e3b2f929eef51827f62ac1a16bbe3bf,False,False
SQL_Server_Analyze,main,612bcc60d4a8a34c05ab28ffc6ce964e359df6c2,Lab/Orchestration/Invoke-DiagnosticLab.ps1,5508,bb732fb35e6d42ec95ad3264868416e8f306c253bc2ed5c3d6ea0eeb64aef914,False,False
SQL_Server_Analyze,main,612bcc60d4a8a34c05ab28ffc6ce964e359df6c2,Lab/Orchestration/Modules/DiagnosticLab/DiagnosticLab.psd1,1337,9840a22355afd6e9e73eee94f689e1c3df3a5f9c2340674ef83f9e52c75bb0e6,False,False
SQL_Server_Analyze,main,612bcc60d4a8a34c05ab28ffc6ce964e359df6c2,Lab/Orchestration/Modules/DiagnosticLab/DiagnosticLab.psm1,1566,862af6fceac4f683eef308e24794377e23d6e6fd818fe7abe9dd565d67f0aefe,False,False
SQL_Server_Analyze,main,612bcc60d4a8a34c05ab28ffc6ce964e359df6c2,Lab/Orchestration/Modules/DiagnosticLab/Private/Configuration.ps1,17244,003d190879b45a6b0f29d6d5c635420fcb3e4479b2d006d10cf7c510886832ef,False,False
SQL_Server_Analyze,main,612bcc60d4a8a34c05ab28ffc6ce964e359df6c2,Lab/Orchestration/Modules/DiagnosticLab/Private/ContainerRuntime.ps1,12399,defa6d14287f1ffea483d5b69cbe11f4c6d969e29654c39ef6ff869bc79e2a02,False,False
SQL_Server_Analyze,main,612bcc60d4a8a34c05ab28ffc6ce964e359df6c2,Lab/Orchestration/Modules/DiagnosticLab/Private/HostAdapters/LinuxNative.ps1,6401,982f1cf8af1dd91edaaee8be2f3cb9ded86fcd0698c203f409a4210918a517c5,False,False
SQL_Server_Analyze,main,612bcc60d4a8a34c05ab28ffc6ce964e359df6c2,Lab/Orchestration/Modules/DiagnosticLab/Private/HostAdapters/RemoteHost.ps1,14021,d72f1497f27170b25f7c68059144b7451fc44e0521bac4dc5c1ee671fb61f022,False,False
SQL_Server_Analyze,main,612bcc60d4a8a34c05ab28ffc6ce964e359df6c2,Lab/Orchestration/Modules/DiagnosticLab/Private/HostAdapters/WindowsHyperV.ps1,3008,869a923607ddaa6cab6861fc411a29b8c817bfaf383d0faa819a7730b6f19bd8,False,False
SQL_Server_Analyze,main,612bcc60d4a8a34c05ab28ffc6ce964e359df6c2,Lab/Orchestration/Modules/DiagnosticLab/Private/HostCapability.ps1,15568,cf7bacd1b804c2818b5bc5df4778e40963749410fe77de3467edef4a36ff55b8,False,False
SQL_Server_Analyze,main,612bcc60d4a8a34c05ab28ffc6ce964e359df6c2,Lab/Orchestration/Modules/DiagnosticLab/Private/InfrastructureScenarioRuntime.ps1,20144,b9abdfc3829e98f29a8169a52a0140921b299677fd1ae01617f0eb8e4db799df,False,False
SQL_Server_Analyze,main,612bcc60d4a8a34c05ab28ffc6ce964e359df6c2,Lab/Orchestration/Modules/DiagnosticLab/Private/Installer.ps1,5382,ac6925ee02ff1a26a63be17accdb3bbf506c9a5f2121acc053ab0756fe8f0dca,False,False
SQL_Server_Analyze,main,612bcc60d4a8a34c05ab28ffc6ce964e359df6c2,Lab/Orchestration/Modules/DiagnosticLab/Private/MultiContainerRuntime.ps1,10332,1c5c367c8a1328903a0285da1dc02f0df7dca949e5b08feb7ce4a592f7f53592,False,False
SQL_Server_Analyze,main,612bcc60d4a8a34c05ab28ffc6ce964e359df6c2,Lab/Orchestration/Modules/DiagnosticLab/Private/ResourceMeasurement.ps1,6185,74957fb85e0697da90e7a183b6d107096a4e3a84a1d2757b7569a7e603b510d2,False,False
SQL_Server_Analyze,main,612bcc60d4a8a34c05ab28ffc6ce964e359df6c2,Lab/Orchestration/Modules/DiagnosticLab/Private/ScenarioRuntime.ps1,10200,57e75ea67a7ae6e20f6914ac539ee2ddc2fb2e765f694b2ac6767e3bda649ad8,False,False
SQL_Server_Analyze,main,612bcc60d4a8a34c05ab28ffc6ce964e359df6c2,Lab/Orchestration/Modules/DiagnosticLab/Private/SecretProvider.ps1,4357,011116f792b1d364745a1922a4e22e1d5515ac99b1a1b9d361f540a55a1d39ea,False,False
SQL_Server_Analyze,main,612bcc60d4a8a34c05ab28ffc6ce964e359df6c2,Lab/Orchestration/Modules/DiagnosticLab/Private/State.ps1,11542,41b8242874e2ae9a6527f16dd067cef65542f0d196cc195160be855de7f3a59f,False,False
SQL_Server_Analyze,main,612bcc60d4a8a34c05ab28ffc6ce964e359df6c2,Lab/Orchestration/Modules/DiagnosticLab/Public/Get-LabStatus.ps1,1711,a3643a48cbcc7f5ab90c6e16d66cc98cbe51b8b6f97964430911f84a2e11d6af,False,False
SQL_Server_Analyze,main,612bcc60d4a8a34c05ab28ffc6ce964e359df6c2,Lab/Orchestration/Modules/DiagnosticLab/Public/Install-LabContainerFramework.ps1,3117,3c047c4275bbf3449e5b38ad1b9cdbf4303fd09b6e9fb80f9d817ba28a55f648,False,False
SQL_Server_Analyze,main,612bcc60d4a8a34c05ab28ffc6ce964e359df6c2,Lab/Orchestration/Modules/DiagnosticLab/Public/Invoke-LabCleanup.ps1,7795,e9f6998c0ea06a36e0b20098a6fcc526e537c63162e15bc90a170a73e925dc8a,False,False
SQL_Server_Analyze,main,612bcc60d4a8a34c05ab28ffc6ce964e359df6c2,Lab/Orchestration/Modules/DiagnosticLab/Public/Invoke-LabLogShippingScenario.ps1,3529,c728c227506cc449dfde4e9b8e27396e4d9294a6e08b69dccea9644f478bad7e,False,False
SQL_Server_Analyze,main,612bcc60d4a8a34c05ab28ffc6ce964e359df6c2,Lab/Orchestration/Modules/DiagnosticLab/Public/Invoke-LabMultiContainerUp.ps1,17689,e36245d3b56735509ff0f0b266f3f66e891f88cc83b2ee48e71634ad9a4f062f,False,False
SQL_Server_Analyze,main,612bcc60d4a8a34c05ab28ffc6ce964e359df6c2,Lab/Orchestration/Modules/DiagnosticLab/Public/Invoke-LabPreflight.ps1,7792,8ee51ee0a0c4136b72d7eae582e80aca8587b0123ecae48cc1cc3353fab27b90,False,False
SQL_Server_Analyze,main,612bcc60d4a8a34c05ab28ffc6ce964e359df6c2,Lab/Orchestration/Modules/DiagnosticLab/Public/Invoke-LabScenario.ps1,9326,b9749c63fc38e6620219a2f47d93e4669df7314f4820bf3d9bc32d31bba42225,False,False
SQL_Server_Analyze,main,612bcc60d4a8a34c05ab28ffc6ce964e359df6c2,Lab/Orchestration/Modules/DiagnosticLab/Public/Invoke-LabUp.ps1,12581,77fcece0653c0d4083fa5495875e719851c913eb2b25fb3d9f3b94308b161a01,False,False
SQL_Server_Analyze,main,612bcc60d4a8a34c05ab28ffc6ce964e359df6c2,Lab/Orchestration/Modules/DiagnosticLab/Public/Invoke-LabVersionMatrix.ps1,3276,8fc835c300d80fd7a1820201caee19cdd30c594c0499b11169c83175d3829934,False,False
SQL_Server_Analyze,main,612bcc60d4a8a34c05ab28ffc6ce964e359df6c2,Lab/Orchestration/Modules/DiagnosticLab/Public/Test-LabScenario.ps1,2347,68e0f2f039f154c1fff5d61f869e722ef4900412b0b41134127b91be309d4b27,False,False
SQL_Server_Analyze,main,612bcc60d4a8a34c05ab28ffc6ce964e359df6c2,Lab/QuickTest/Private/Common.ps1,9893,ea8d767f2fec92bab8f5d5bae4616bf797f72f6005b415caec1474133597a1d5,False,False
SQL_Server_Analyze,main,612bcc60d4a8a34c05ab28ffc6ce964e359df6c2,Lab/QuickTest/Private/LifecycleRuntime.ps1,12930,5b082fca76c68268e597d44018734d7c0d1fa69a3f627b288e3cd2021fd3701c,False,False
SQL_Server_Analyze,main,612bcc60d4a8a34c05ab28ffc6ce964e359df6c2,Lab/QuickTest/Private/LifecycleState.ps1,4526,c10e32c099d3e45dda7e076d9898ea61ec648edce80d047d28a15592c6c6fd04,False,False
SQL_Server_Analyze,main,612bcc60d4a8a34c05ab28ffc6ce964e359df6c2,Lab/QuickTest/Public/Get-QuickTestLabStatus.ps1,6864,295f4e8b278954432a7ec104b4db50c467fa9fb4484f7ad48d8041e7e29ddfbf,False,False
SQL_Server_Analyze,main,612bcc60d4a8a34c05ab28ffc6ce964e359df6c2,Lab/QuickTest/Public/Install-QuickTestLab.ps1,17241,79727bad7f3353c1633bbf69985f3821cb394b5dc1e53ed192081034278eefc4,False,False
SQL_Server_Analyze,main,612bcc60d4a8a34c05ab28ffc6ce964e359df6c2,Lab/QuickTest/Public/Invoke-QuickTestLabDown.ps1,6160,c1cf91bdecfa645f81420cd34e5d144b893ae51a8553f380622c86df2f054dcc,False,False
SQL_Server_Analyze,main,612bcc60d4a8a34c05ab28ffc6ce964e359df6c2,Lab/QuickTest/Public/Invoke-QuickTestPreflight.ps1,8136,099fc23f230fe72b56bb13eda31952c46020c0ddaa0c665afaccdf1b512092cf,False,False
SQL_Server_Analyze,main,612bcc60d4a8a34c05ab28ffc6ce964e359df6c2,Lab/QuickTest/Public/Remove-QuickTestLab.ps1,5354,b937cff8f6201bbeb54d8a81fb32d58254fe55ca35912c60a47d9edea2fcf468,False,False
SQL_Server_Analyze,main,612bcc60d4a8a34c05ab28ffc6ce964e359df6c2,Lab/QuickTest/Public/Reset-QuickTestLab.ps1,10695,49cb092dc6dde51242482ef3e2c1a2dbc31c28bef26d44dfa89c8b43c9dc349d,False,False
SQL_Server_Analyze,main,612bcc60d4a8a34c05ab28ffc6ce964e359df6c2,Lab/QuickTest/Public/Restart-QuickTestLab.ps1,4860,1e0f4e7e7a3a62e12bb840d378b893ee0058e64e838aee04fe505804bf997bd6,False,False
SQL_Server_Analyze,main,612bcc60d4a8a34c05ab28ffc6ce964e359df6c2,Lab/QuickTest/Public/Start-QuickTestLab.ps1,16228,000efed8b13fdf461acfd65eee53d89a8f6082b7e5ca9dd1812398c0dfa0ce10,False,False
SQL_Server_Analyze,main,612bcc60d4a8a34c05ab28ffc6ce964e359df6c2,Lab/QuickTest/Public/Start-QuickTestStoppedLab.ps1,10773,629b333efc578ab13b0f11c6524d03031aa68fb2dd5fc06419c05e6b0c3bc82e,False,False
SQL_Server_Analyze,main,612bcc60d4a8a34c05ab28ffc6ce964e359df6c2,Lab/QuickTest/Public/Stop-QuickTestLab.ps1,8595,cc04e78ff2ecd191d6f277a8c707541bc5884a636ed77aa9e4381717207d2952,False,False
SQL_Server_Analyze,main,612bcc60d4a8a34c05ab28ffc6ce964e359df6c2,Lab/QuickTest/Public/Update-QuickTestFramework.ps1,9840,b1e40b24edaa2f98ca2d288a98dbc2a236c4f02f17f36bdde9529809f1c9bf94,False,False
SQL_Server_Analyze,main,612bcc60d4a8a34c05ab28ffc6ce964e359df6c2,Lab/QuickTest/QuickTestLab.psm1,1354,da712f05f17ad39ebc6eab39cda184eaabbc6381e02eb78b93c02edfed9ddbd1,False,False
SQL_Server_Analyze,main,612bcc60d4a8a34c05ab28ffc6ce964e359df6c2,Lab/QuickTest/README.md,16798,73925c2e6c71e0ef20d6e664ef8aa6db96da5feef07a28b95e403a07a24da38d,False,False
SQL_Server_Analyze,main,612bcc60d4a8a34c05ab28ffc6ce964e359df6c2,Lab/README.md,14134,0b58666c20916c857e626f4cfdba8df3295929f0ddcbf4c60ac15cc974aa0519,False,False
SQL_Server_Analyze,main,612bcc60d4a8a34c05ab28ffc6ce964e359df6c2,Lab/Run-LogShipping-Lab.ps1,1422,cb6a3987ed942aa23e18335be9265d5de92d7a5c52fdb6dfe73a5686e21f6953,False,False
SQL_Server_Analyze,main,612bcc60d4a8a34c05ab28ffc6ce964e359df6c2,Lab/Scenarios/Catalog/coverage.csv,16145,107e893a3f3f818dd76bae687e1f05ba87a718dd9ffa1d18f04838d15db89f12,False,False
SQL_Server_Analyze,main,612bcc60d4a8a34c05ab28ffc6ce964e359df6c2,Lab/Scenarios/Catalog/scenarios.json,27907,7dd3c394e6c1909e136369fc12cdd49f88526178386c07f3fc1fd5f5757be4a2,False,False
SQL_Server_Analyze,main,612bcc60d4a8a34c05ab28ffc6ce964e359df6c2,Lab/Scenarios/Catalog/topologies.json,10077,eb7f645cff2883c84e09552a00f97e1cd463b1a6a00a43ae5cc02dc02ecdb15d,False,False
SQL_Server_Analyze,main,612bcc60d4a8a34c05ab28ffc6ce964e359df6c2,Lab/Scenarios/Core/LAB-BASE-001/scenario.json,2911,0f19729a7412585b95bf3cafef6bdaa49c7373474f6dcb18704fbd525bd6ee71,False,False
SQL_Server_Analyze,main,612bcc60d4a8a34c05ab28ffc6ce964e359df6c2,Lab/Scenarios/Core/LAB-BASE-001/scenario.sql,2441,88019b18fe162d5e0da6c1f42a58cdb307a49fbd0e62b641dd7b1231b9ad519e,False,False
SQL_Server_Analyze,main,612bcc60d4a8a34c05ab28ffc6ce964e359df6c2,Lab/Scenarios/Core/LAB-BASE-002/scenario.json,2859,37ee53d93e75c923816314e74d056b28da47ef546269022a0d27c7d5cf312b31,False,False
SQL_Server_Analyze,main,612bcc60d4a8a34c05ab28ffc6ce964e359df6c2,Lab/Scenarios/Core/LAB-BASE-002/scenario.sql,2205,56309caf7ac4662dae41c4f82eabc2421f5065af8ad345ed74d30f253f283343,False,False
SQL_Server_Analyze,main,612bcc60d4a8a34c05ab28ffc6ce964e359df6c2,Lab/Scenarios/Infrastructure/LAB-LS-001/Cleanup_Primary.sql,1534,77edf9d69cd3b917aaa83c900fe9811c1f26a41f7f641a91f246d604838e1570,False,False
SQL_Server_Analyze,main,612bcc60d4a8a34c05ab28ffc6ce964e359df6c2,Lab/Scenarios/Infrastructure/LAB-LS-001/Cleanup_Secondary.sql,1320,4f29baa43c6fa0813bb89fdb1dbd4d129aa942195328d71fc1ed83e46af26f3d,False,False
SQL_Server_Analyze,main,612bcc60d4a8a34c05ab28ffc6ce964e359df6c2,Lab/Scenarios/Infrastructure/LAB-LS-001/Observe_Primary.sql,1515,5701f9caccd5c342c1bb7ed7e40b9fc6ec83084adedea686e1870ec06549b802,False,False
SQL_Server_Analyze,main,612bcc60d4a8a34c05ab28ffc6ce964e359df6c2,Lab/Scenarios/Infrastructure/LAB-LS-001/Observe_Secondary.sql,385,4fc23cf4d53bcbccdc4c7fe289dbf56e4206d12b537699faeb81bde86063f2bb,False,False
SQL_Server_Analyze,main,612bcc60d4a8a34c05ab28ffc6ce964e359df6c2,Lab/Scenarios/Infrastructure/LAB-LS-001/Primary_Backup_Cycle.sql,1548,05080e1f3d2f5fb261d65698c660a17453007844e9ee1458080d635d537a43eb,False,False
SQL_Server_Analyze,main,612bcc60d4a8a34c05ab28ffc6ce964e359df6c2,Lab/Scenarios/Infrastructure/LAB-LS-001/Secondary_Copy_Restore_Cycle.sql,1990,e3744b96cd58f469ce000d6e28f7c517184d95820a0b422f8914bdb90cab34e3,False,False
SQL_Server_Analyze,main,612bcc60d4a8a34c05ab28ffc6ce964e359df6c2,Lab/Scenarios/Infrastructure/LAB-LS-001/Setup_Primary.sql,2362,f0986dd6242e8714b0c7a95a399b75a4b008419aa96cf0b25b3bc3926006feaa,False,False
SQL_Server_Analyze,main,612bcc60d4a8a34c05ab28ffc6ce964e359df6c2,Lab/Scenarios/Infrastructure/LAB-LS-001/Setup_Secondary.sql,2316,e7eb5f7867b999e660857cc5c14e3db0e056bbf90def4045f25b7f68393556aa,False,False
SQL_Server_Analyze,main,612bcc60d4a8a34c05ab28ffc6ce964e359df6c2,Lab/Scenarios/Infrastructure/LAB-LS-001/runbook.json,510,0aa1f4d26a3b2d1e2ae19c95f464419eec92cdae1f917af629d682d0dbda0026,False,False
SQL_Server_Analyze,main,612bcc60d4a8a34c05ab28ffc6ce964e359df6c2,Lab/Scenarios/Infrastructure/LAB-LS-001/scenario.json,3808,0b6249d7c0fc90cdcd0d2fc7e8accb45aef9020def9cfcf437dc4e9b413e24ad,False,False
SQL_Server_Analyze,main,612bcc60d4a8a34c05ab28ffc6ce964e359df6c2,Lab/Scenarios/Infrastructure/README.md,6271,67cbdc30c98acfac9b3a00b9b557e6ad8ebc019017949594110f74af1cadd435,False,False
SQL_Server_Analyze,main,612bcc60d4a8a34c05ab28ffc6ce964e359df6c2,Lab/Scenarios/Infrastructure/wave4-contracts.csv,11559,8bf470ba819da8ddf29682616e88e04893be9a45aa504568af6f96cdb5c3af91,False,False
SQL_Server_Analyze,main,612bcc60d4a8a34c05ab28ffc6ce964e359df6c2,Lab/Scenarios/Infrastructure/wave4-topology-profiles.json,2780,282e1263ae8d09eba1f66aa90dd4cffc20aff1e786d4925996d8568a1981be8e,False,False
SQL_Server_Analyze,main,612bcc60d4a8a34c05ab28ffc6ce964e359df6c2,Lab/Scenarios/LEARNING_PATH.md,7367,9009527220eef11f217e4d3a3f432828aba472dd97c2222df14ae8c65b1998de,False,False
SQL_Server_Analyze,main,612bcc60d4a8a34c05ab28ffc6ce964e359df6c2,Lab/Scenarios/Performance/LAB-CAP-001/runbook.json,506,68b52c8c584591bba11a18aebb9d2c328b415dc187a9014ebc9673289e5235a0,False,False
SQL_Server_Analyze,main,612bcc60d4a8a34c05ab28ffc6ce964e359df6c2,Lab/Scenarios/Performance/LAB-CAP-001/scenario.json,3108,7a8b6e43e8336fb0cae37df032cb142e99c0a72e6d15403b5c58b05a706739a3,False,False
SQL_Server_Analyze,main,612bcc60d4a8a34c05ab28ffc6ce964e359df6c2,Lab/Scenarios/Performance/LAB-COL-001/runbook.json,495,690e315bb1a1f121b5f4dd30c68f9bc478e7f45b2bd33a2221cb3fdbef3b2adb,False,False
SQL_Server_Analyze,main,612bcc60d4a8a34c05ab28ffc6ce964e359df6c2,Lab/Scenarios/Performance/LAB-COL-001/scenario.json,3009,0b60d458f1489e259ff8149f2c59fc922f078d1d1709c38f855120fb807c4bc5,False,False
SQL_Server_Analyze,main,612bcc60d4a8a34c05ab28ffc6ce964e359df6c2,Lab/Scenarios/Performance/LAB-CONC-001/runbook.json,500,f27b937afde73f7161817ecbcc20fb7e96ad0ee09c68d3b7ecda695166508375,False,False
SQL_Server_Analyze,main,612bcc60d4a8a34c05ab28ffc6ce964e359df6c2,Lab/Scenarios/Performance/LAB-CONC-001/scenario.json,3227,1b7b71751cd4cd93726fdc06e325ae848cb4b883f2824ed318427679e9e37f91,False,False
SQL_Server_Analyze,main,612bcc60d4a8a34c05ab28ffc6ce964e359df6c2,Lab/Scenarios/Performance/LAB-CONC-002/runbook.json,501,bedd62bae80c09aa31cab27613dc3ecd22f2a17827db95ace20206e7f607f117,False,False
SQL_Server_Analyze,main,612bcc60d4a8a34c05ab28ffc6ce964e359df6c2,Lab/Scenarios/Performance/LAB-CONC-002/scenario.json,3027,4d0f4f95738bbe25cdcd80fe0d8bdc7118040986321a0ff9989a410fe860bb6c,False,False
SQL_Server_Analyze,main,612bcc60d4a8a34c05ab28ffc6ce964e359df6c2,Lab/Scenarios/Performance/LAB-CPU-001/runbook.json,502,ec33a6e86520854ca1ccd9c4c3e6020e87e07c406fcdc14f5309c1d88a5ffb6d,False,False
SQL_Server_Analyze,main,612bcc60d4a8a34c05ab28ffc6ce964e359df6c2,Lab/Scenarios/Performance/LAB-CPU-001/scenario.json,3223,6e1482a0120d3dd393d307e23ebb496d0e3c3c848d946734cbcda44ce7dbea0f,False,False
SQL_Server_Analyze,main,612bcc60d4a8a34c05ab28ffc6ce964e359df6c2,Lab/Scenarios/Performance/LAB-CPU-002/runbook.json,505,cfb9b58e5eac2a8906ad312e62f3556dfafbc311c2f0c1e775b08b259b8d9aaa,False,False
SQL_Server_Analyze,main,612bcc60d4a8a34c05ab28ffc6ce964e359df6c2,Lab/Scenarios/Performance/LAB-CPU-002/scenario.json,3056,3d83bd7be01f073f0883f4ea24595dce054ee90c93f72b7a31ce1b274964bf4c,False,False
SQL_Server_Analyze,main,612bcc60d4a8a34c05ab28ffc6ce964e359df6c2,Lab/Scenarios/Performance/LAB-CPU-003/runbook.json,510,308bb73dfb58e228a2cb7333fb084bccc1d5b8309e998e6b7bf58235d9b1096a,False,False
SQL_Server_Analyze,main,612bcc60d4a8a34c05ab28ffc6ce964e359df6c2,Lab/Scenarios/Performance/LAB-CPU-003/scenario.json,3039,7f1e7b6a96b131209e7ce19329fe2e23818e4d39d7e2ab7168e192e3bc2fc918,False,False
SQL_Server_Analyze,main,612bcc60d4a8a34c05ab28ffc6ce964e359df6c2,Lab/Scenarios/Performance/LAB-DEAD-001/runbook.json,501,ad7033b61f97a196a82ab13bc43253b92c09173f0d62c8f9b93c72b3c7a5ff0d,False,False
SQL_Server_Analyze,main,612bcc60d4a8a34c05ab28ffc6ce964e359df6c2,Lab/Scenarios/Performance/LAB-DEAD-001/scenario.json,3063,e92e3cae3057e77b48774d0c66bf105a905fde56072dfe4cbc70fad002f5fe36,False,False
SQL_Server_Analyze,main,612bcc60d4a8a34c05ab28ffc6ce964e359df6c2,Lab/Scenarios/Performance/LAB-DEAD-002/runbook.json,508,01f605cbbeac9d01763c5a58e4b68cd326003b59c6750ed27770a09d22c6dd71,False,False
SQL_Server_Analyze,main,612bcc60d4a8a34c05ab28ffc6ce964e359df6c2,Lab/Scenarios/Performance/LAB-DEAD-002/scenario.json,3014,2cc4dbdd5e4a44d7f4406dbf89780046a382c8d917fdeca71395afc374303d42,False,False
SQL_Server_Analyze,main,612bcc60d4a8a34c05ab28ffc6ce964e359df6c2,Lab/Scenarios/Performance/LAB-DEAD-003/runbook.json,503,388807db9c193637a73d4ec581ee4395f2ddffd68923c173002fcfdbff7d2362,False,False
SQL_Server_Analyze,main,612bcc60d4a8a34c05ab28ffc6ce964e359df6c2,Lab/Scenarios/Performance/LAB-DEAD-003/scenario.json,2999,16c465eadba3aa023ba486b64e8c17779fd74fe56bab3af1bc5d6fcf1a7a9ed2,False,False
SQL_Server_Analyze,main,612bcc60d4a8a34c05ab28ffc6ce964e359df6c2,Lab/Scenarios/Performance/LAB-DEAD-004/fixture.json,779,eb359167017db44138e88a6f0b08f041f4f04e527bfa33e36ba8e717dd60521f,False,False
SQL_Server_Analyze,main,612bcc60d4a8a34c05ab28ffc6ce964e359df6c2,Lab/Scenarios/Performance/LAB-DEAD-004/runbook.json,517,04bd80daca732a8b496227998eaf4fee9e0fc705699dec93f2b31925a5bf0b8b,False,False
SQL_Server_Analyze,main,612bcc60d4a8a34c05ab28ffc6ce964e359df6c2,Lab/Scenarios/Performance/LAB-DEAD-004/scenario.json,2571,ef9490b38ebddb79588e9b6554ab410543de8fd38694cd3afccd7e82becd0430,False,False
SQL_Server_Analyze,main,612bcc60d4a8a34c05ab28ffc6ce964e359df6c2,Lab/Scenarios/Performance/LAB-EXECPLAN-001/runbook.json,508,96354cbf05488439cd84ce13f9a43fdef84d9be0e10d2d83b75d25e683994719,False,False
SQL_Server_Analyze,main,612bcc60d4a8a34c05ab28ffc6ce964e359df6c2,Lab/Scenarios/Performance/LAB-EXECPLAN-001/scenario.json,3094,2107abbcdc026f0cdeae532be5153246a1bab4562991673f392bb460d0fc4a59,False,False
SQL_Server_Analyze,main,612bcc60d4a8a34c05ab28ffc6ce964e359df6c2,Lab/Scenarios/Performance/LAB-IDX-001/runbook.json,496,33775a2e6c00798ada8ba96500fd32bf0be1bd12d273b082f150934a0e7e427c,False,False
SQL_Server_Analyze,main,612bcc60d4a8a34c05ab28ffc6ce964e359df6c2,Lab/Scenarios/Performance/LAB-IDX-001/scenario.json,3085,45d5df2ebd9e76602809f186e09be3a5bf8e8ffb1e2ed8c729a00940aff37388,False,False
SQL_Server_Analyze,main,612bcc60d4a8a34c05ab28ffc6ce964e359df6c2,Lab/Scenarios/Performance/LAB-IDX-002/runbook.json,491,d8c5fafa0f20c147b701f8ad21c873051df2f612ce010c5c4ed9c57f55285009,False,False
SQL_Server_Analyze,main,612bcc60d4a8a34c05ab28ffc6ce964e359df6c2,Lab/Scenarios/Performance/LAB-IDX-002/scenario.json,3109,fee95e4d9defbc6e930f5308f851a9444b4df9adadc25afcbeb478506fb8972d,False,False
SQL_Server_Analyze,main,612bcc60d4a8a34c05ab28ffc6ce964e359df6c2,Lab/Scenarios/Performance/LAB-IDX-003/runbook.json,493,d23ac7f0288a7f2cda9c7567354010aa54c8111295ecdf44a743bef5b15af922,False,False
SQL_Server_Analyze,main,612bcc60d4a8a34c05ab28ffc6ce964e359df6c2,Lab/Scenarios/Performance/LAB-IDX-003/scenario.json,3086,9d32300d44d2a0f7980aa4aec057f1001c0f840c53480c3446a2ffc15441f988,False,False
SQL_Server_Analyze,main,612bcc60d4a8a34c05ab28ffc6ce964e359df6c2,Lab/Scenarios/Performance/LAB-IO-004/runbook.json,499,afdedb964ea9d6374192631db91202dd851e13ad58b918210b9130f806c5aeb4,False,False
SQL_Server_Analyze,main,612bcc60d4a8a34c05ab28ffc6ce964e359df6c2,Lab/Scenarios/Performance/LAB-IO-004/scenario.json,3027,e10edfad0f18f13f4e7d6ed85fe901e8a4edfbc1c36b1c1d6c708d452280a9dc,False,False
SQL_Server_Analyze,main,612bcc60d4a8a34c05ab28ffc6ce964e359df6c2,Lab/Scenarios/Performance/LAB-LATCH-001/runbook.json,513,9f7fc2c1b4ce7f04c29ff5507e723aa72e7b1248b78115560c4e4dabd8675948,False,False
SQL_Server_Analyze,main,612bcc60d4a8a34c05ab28ffc6ce964e359df6c2,Lab/Scenarios/Performance/LAB-LATCH-001/scenario.json,3074,3e9d9866e34c6a684927a92a02f28f589b4b578028c311d56fa99ecb528666ef,False,False
SQL_Server_Analyze,main,612bcc60d4a8a34c05ab28ffc6ce964e359df6c2,Lab/Scenarios/Performance/LAB-LATCH-002/runbook.json,517,099ac23a1e10492f86854c52bdc1e538483d586ad08e4d4062c89fa9b7e29550,False,False
SQL_Server_Analyze,main,612bcc60d4a8a34c05ab28ffc6ce964e359df6c2,Lab/Scenarios/Performance/LAB-LATCH-002/scenario.json,3060,5194eaf5cff75f1ffe63252190d3c26038307f67d86d7fe03e47fdb611045df2,False,False
SQL_Server_Analyze,main,612bcc60d4a8a34c05ab28ffc6ce964e359df6c2,Lab/Scenarios/Performance/LAB-LATCH-003/runbook.json,516,ffba7ecb4b116ba90db6a681513fd6dbac7a14d57fd3e81492bc5e8b9290f0df,False,False
SQL_Server_Analyze,main,612bcc60d4a8a34c05ab28ffc6ce964e359df6c2,Lab/Scenarios/Performance/LAB-LATCH-003/scenario.json,3053,7fd9cf117f593b997e67a7571af48b526a9157d93209b893b97439b72aa2b105,False,False
SQL_Server_Analyze,main,612bcc60d4a8a34c05ab28ffc6ce964e359df6c2,Lab/Scenarios/Performance/LAB-LOG-001/runbook.json,503,2993daa9ec4de2c7a40cff3bae756a68bcf848606e604f250c0595ab473ef4a0,False,False
SQL_Server_Analyze,main,612bcc60d4a8a34c05ab28ffc6ce964e359df6c2,Lab/Scenarios/Performance/LAB-LOG-001/scenario.json,3056,80f3caddb4b9aee28dc7f63eca0c2bf89dcb72a14e979c8c2854289641845711,False,False
SQL_Server_Analyze,main,612bcc60d4a8a34c05ab28ffc6ce964e359df6c2,Lab/Scenarios/Performance/LAB-LOG-002/runbook.json,488,7d33fe20a61738786f1f4a1a5043ed3a4c8f96a80a0a81630a566fbe474d37ff,False,False
SQL_Server_Analyze,main,612bcc60d4a8a34c05ab28ffc6ce964e359df6c2,Lab/Scenarios/Performance/LAB-LOG-002/scenario.json,3056,145d69491bb9ed9c465d1879f7b1748ad0b5ce52ee0e0f1b156c84939e04ce05,False,False
SQL_Server_Analyze,main,612bcc60d4a8a34c05ab28ffc6ce964e359df6c2,Lab/Scenarios/Performance/LAB-MEM-001/runbook.json,504,fc4bc04e012e6db9eee97bda5d26214a16547e3ce7c487be2997ca496e86b589,False,False
SQL_Server_Analyze,main,612bcc60d4a8a34c05ab28ffc6ce964e359df6c2,Lab/Scenarios/Performance/LAB-MEM-001/scenario.json,3131,6a90f9be80ea24f4040417eed6446167010911f3894639c93063f2f91be4fae9,False,False
SQL_Server_Analyze,main,612bcc60d4a8a34c05ab28ffc6ce964e359df6c2,Lab/Scenarios/Performance/LAB-MEM-002/runbook.json,503,f9a123131c1c8ecb168c2e0926438992cfebca2021c65886b1d35cfb007d52e9,False,False
SQL_Server_Analyze,main,612bcc60d4a8a34c05ab28ffc6ce964e359df6c2,Lab/Scenarios/Performance/LAB-MEM-002/scenario.json,3066,f43de9f65965191e538d2cbd35751add9baa2b513e393a4199c153fb5dabd996,False,False
SQL_Server_Analyze,main,612bcc60d4a8a34c05ab28ffc6ce964e359df6c2,Lab/Scenarios/Performance/LAB-MEM-003/runbook.json,505,2a490cd687d6e50e92e20f4223d29af16e64fd09508aa91d8bc099cd301d27bd,False,False
SQL_Server_Analyze,main,612bcc60d4a8a34c05ab28ffc6ce964e359df6c2,Lab/Scenarios/Performance/LAB-MEM-003/scenario.json,3069,b33674a82cdc49f17d669ad1b35db4c38f02fb237ca305ed3f29f5248c11f42d,False,False
SQL_Server_Analyze,main,612bcc60d4a8a34c05ab28ffc6ce964e359df6c2,Lab/Scenarios/Performance/LAB-PLAN-001/runbook.json,503,86fe274288a48bc2f44496702ead0c48bcb86c859355d28de4a6976e2e00da1b,False,False
SQL_Server_Analyze,main,612bcc60d4a8a34c05ab28ffc6ce964e359df6c2,Lab/Scenarios/Performance/LAB-PLAN-001/scenario.json,3231,2be86a3bc9d08b3571cd0b28ed76af885e56a993feed017c42d2fc54ae8def56,False,False
SQL_Server_Analyze,main,612bcc60d4a8a34c05ab28ffc6ce964e359df6c2,Lab/Scenarios/Performance/LAB-PLAN-002/runbook.json,493,5b1628092e9360f22f4bbd55e2e832b2b3af54dc8402d3ef9748f11ba2832af3,False,False
SQL_Server_Analyze,main,612bcc60d4a8a34c05ab28ffc6ce964e359df6c2,Lab/Scenarios/Performance/LAB-PLAN-002/scenario.json,3165,8eb28df474f6e583368989139eab21ee6c60919fa3ee60869a12cf1b6d106c1d,False,False
SQL_Server_Analyze,main,612bcc60d4a8a34c05ab28ffc6ce964e359df6c2,Lab/Scenarios/Performance/LAB-PLAN-003/runbook.json,497,7f68d9057fd12f45e2477722d7eef2c5405199fda9386f2015bf3199551eef46,False,False
SQL_Server_Analyze,main,612bcc60d4a8a34c05ab28ffc6ce964e359df6c2,Lab/Scenarios/Performance/LAB-PLAN-003/scenario.json,3067,b9f032f68b6bbb4a8c488aac2aeed978d21acbde5b1ebdb37a19ee17fcba42cc,False,False
SQL_Server_Analyze,main,612bcc60d4a8a34c05ab28ffc6ce964e359df6c2,Lab/Scenarios/Performance/LAB-PLAN-004/runbook.json,493,f1f43654e61630537be62dde9f0492e7b76e7d1488d67df92e7d6a0157af8818,False,False
SQL_Server_Analyze,main,612bcc60d4a8a34c05ab28ffc6ce964e359df6c2,Lab/Scenarios/Performance/LAB-PLAN-004/scenario.json,3051,afd34eb695783b8312d89238e6414510f2670bcbbe3bd356dbe5354a254b46bf,False,False
SQL_Server_Analyze,main,612bcc60d4a8a34c05ab28ffc6ce964e359df6c2,Lab/Scenarios/Performance/LAB-PLAN-005/runbook.json,511,0053090c5b3a99129a51539fa12f15ca77633dcf2e15d8ba3a02d913b7f1b45f,False,False
SQL_Server_Analyze,main,612bcc60d4a8a34c05ab28ffc6ce964e359df6c2,Lab/Scenarios/Performance/LAB-PLAN-005/scenario.json,3096,34f00b3314f0b41e7e942b139b2f25ffa08d796608c7ede30c039d6ca1a0d967,False,False
SQL_Server_Analyze,main,612bcc60d4a8a34c05ab28ffc6ce964e359df6c2,Lab/Scenarios/Performance/LAB-QS-001/runbook.json,505,71dfead734973fb3781ce4d7dda321c9c9def78e3a68c14eb3ae693a4004e975,False,False
SQL_Server_Analyze,main,612bcc60d4a8a34c05ab28ffc6ce964e359df6c2,Lab/Scenarios/Performance/LAB-QS-001/scenario.json,3196,7d551ef32653cd8b5deb77b62cca346d8338ab18da318cd55a0deff6fd676f67,False,False
SQL_Server_Analyze,main,612bcc60d4a8a34c05ab28ffc6ce964e359df6c2,Lab/Scenarios/Performance/LAB-QS-002/runbook.json,501,fb9a587b30efef705e7e72d41ba20eea2ad92438261a967155a64b1184701511,False,False
SQL_Server_Analyze,main,612bcc60d4a8a34c05ab28ffc6ce964e359df6c2,Lab/Scenarios/Performance/LAB-QS-002/scenario.json,3091,94071727672561d4e50ec689cbf3e06f0935f8f9a34a6d890b05f3bfe5b14b25,False,False
SQL_Server_Analyze,main,612bcc60d4a8a34c05ab28ffc6ce964e359df6c2,Lab/Scenarios/Performance/LAB-REC-001/runbook.json,525,79f940993af30bd3c776a45e7ef6566c08cebcf6f22c16ce204edddc51696d56,False,False
SQL_Server_Analyze,main,612bcc60d4a8a34c05ab28ffc6ce964e359df6c2,Lab/Scenarios/Performance/LAB-REC-001/scenario.json,3088,f5cc8200f3fd23fffd3480ea6a9fd3eab5f8c110ed54ba31f9e0e977a702a676,False,False
SQL_Server_Analyze,main,612bcc60d4a8a34c05ab28ffc6ce964e359df6c2,Lab/Scenarios/Performance/LAB-TEMP-001/runbook.json,504,7d5298942fdb7efc42995eb68dda77a8fee1d9c9755451e13f0da3fe35714466,False,False
SQL_Server_Analyze,main,612bcc60d4a8a34c05ab28ffc6ce964e359df6c2,Lab/Scenarios/Performance/LAB-TEMP-001/scenario.json,3014,59ae3bb93f2ca74af7c29b51e0051e49665ba2ebf572db0be8ad5d7b1d544ba2,False,False
SQL_Server_Analyze,main,612bcc60d4a8a34c05ab28ffc6ce964e359df6c2,Lab/Scenarios/Performance/LAB-TEMP-002/runbook.json,499,f8b57980c568668a1e4aa201867afde64a083567e159db326f09bba49679bac6,False,False
SQL_Server_Analyze,main,612bcc60d4a8a34c05ab28ffc6ce964e359df6c2,Lab/Scenarios/Performance/LAB-TEMP-002/scenario.json,2997,2efe021d19f5236be8e350c1571536cd7a7f29c31fdb722cb0bdd4332121ccb2,False,False
SQL_Server_Analyze,main,612bcc60d4a8a34c05ab28ffc6ce964e359df6c2,Lab/Scenarios/Performance/LAB-TEMP-003/runbook.json,518,1e0f8839fbc8c6ff558315637fcf7527b1ed5f23a137c0339f228411bdf3c227,False,False
SQL_Server_Analyze,main,612bcc60d4a8a34c05ab28ffc6ce964e359df6c2,Lab/Scenarios/Performance/LAB-TEMP-003/scenario.json,3078,3dc85eb1e5aed7f85a4855b9f0b0fda10851cc7894bcdf8ad74afe658041d5f9,False,False
SQL_Server_Analyze,main,612bcc60d4a8a34c05ab28ffc6ce964e359df6c2,Lab/Scenarios/Performance/LAB-TEMP-005/runbook.json,486,4e9e4fccbbc0b1cc2c722ab156f96f5c06933abafc769b5860d9faa69846cfd9,False,False
SQL_Server_Analyze,main,612bcc60d4a8a34c05ab28ffc6ce964e359df6c2,Lab/Scenarios/Performance/LAB-TEMP-005/scenario.json,3122,310f0983de55868d095bb04fde1d41bc3fa8115c9358e209653686113a3e9be2,False,False
SQL_Server_Analyze,main,612bcc60d4a8a34c05ab28ffc6ce964e359df6c2,Lab/Scenarios/Performance/LAB-VECTOR-001/runbook.json,482,e919c941c695bac9bec38c65b2cb271e3e6463a106c6f6ab52d0a3f1c34cc5f2,False,False
SQL_Server_Analyze,main,612bcc60d4a8a34c05ab28ffc6ce964e359df6c2,Lab/Scenarios/Performance/LAB-VECTOR-001/scenario.json,3136,744b262a2fad87eec670ee2bb35591aa17d51b714fc019b69cc00ecb65fd8aa5,False,False
SQL_Server_Analyze,main,612bcc60d4a8a34c05ab28ffc6ce964e359df6c2,Lab/Scenarios/Performance/LAB-VERSION-001/runbook.json,507,1fd3a77d491117bc577ce6d7bdb395655c79a990b69aaa8dc8e5941f66b2b89a,False,False
SQL_Server_Analyze,main,612bcc60d4a8a34c05ab28ffc6ce964e359df6c2,Lab/Scenarios/Performance/LAB-VERSION-001/scenario.json,3168,6f8b5424f231388630510435235628014b0f1f6a4516d4ef0cd5e3c1a5657c05,False,False
SQL_Server_Analyze,main,612bcc60d4a8a34c05ab28ffc6ce964e359df6c2,Lab/Scenarios/Performance/LAB-XE-001/runbook.json,506,c2473465f7ac16eb862b6a7cb9c6ade6eeeac8d5f2478a48749445af0a219fdf,False,False
SQL_Server_Analyze,main,612bcc60d4a8a34c05ab28ffc6ce964e359df6c2,Lab/Scenarios/Performance/LAB-XE-001/scenario.json,3255,95a94cfa80f2fa6d05d7c24b818dcc0ed6dc37fe9251f77e941af43059a28966,False,False
SQL_Server_Analyze,main,612bcc60d4a8a34c05ab28ffc6ce964e359df6c2,Lab/Scenarios/Performance/_Shared/Cleanup.sql,5006,a28fde31ab6643f8c2b2ec91ebfcd56f1a0f1ba0bb2cbcc061b7b799653a1b98,False,False
SQL_Server_Analyze,main,612bcc60d4a8a34c05ab28ffc6ce964e359df6c2,Lab/Scenarios/Performance/_Shared/Observe.sql,26788,4ab73de5df5d2abe31883596e82fb384133cc3acef049e833f941e5ffb0dd58d,False,False
SQL_Server_Analyze,main,612bcc60d4a8a34c05ab28ffc6ce964e359df6c2,Lab/Scenarios/Performance/_Shared/Setup.sql,18776,e444126f9629279cd1845ba0baec5639ecda7c2572123a89dc530a53f9f7a26c,False,False
SQL_Server_Analyze,main,612bcc60d4a8a34c05ab28ffc6ce964e359df6c2,Lab/Scenarios/Performance/_Shared/Worker.sql,9314,e06e9c25c23357521fa110e21b7d879e73af8e9303673b0921453afff8179f5f,False,False
SQL_Server_Analyze,main,612bcc60d4a8a34c05ab28ffc6ce964e359df6c2,Lab/Uninstall-Lab.ps1,945,e8d6ab560709b42e6b1579a69712a35ba5b38b0b2b2b78bfb5d6a67f44ea7f08,False,False
SQL_Server_Analyze,main,612bcc60d4a8a34c05ab28ffc6ce964e359df6c2,Lab/Update-Framework.ps1,660,05322b8bc9520fafd8615b26cc84f2a134c68f5ce175e859c3e8145e864ed727,False,False
SQL_Server_Analyze,main,612bcc60d4a8a34c05ab28ffc6ce964e359df6c2,Lab/Validation/Fixtures/Valid/evidence.example.json,655,146d5a6a654a1619db4a14ad3de5a580799466c5d83dc5092b28b55c4d1cb2c6,False,False
SQL_Server_Analyze,main,612bcc60d4a8a34c05ab28ffc6ce964e359df6c2,Lab/Validation/Fixtures/Valid/finding-expectation.example.json,342,f0d1e2bcb78b5a602606e11336f6455fe2a323647c748469c88b3602e3cd43b5,False,False
SQL_Server_Analyze,main,612bcc60d4a8a34c05ab28ffc6ce964e359df6c2,Lab/Validation/Fixtures/Valid/lab-config.example.json,1179,9374084eafccb653c2671f9fcd9f10c24c038861317f6b75ec326f42cbdaebda,False,False
SQL_Server_Analyze,main,612bcc60d4a8a34c05ab28ffc6ce964e359df6c2,Lab/Validation/Fixtures/Valid/scenario.example.json,2911,0f19729a7412585b95bf3cafef6bdaa49c7373474f6dcb18704fbd525bd6ee71,False,False
SQL_Server_Analyze,main,612bcc60d4a8a34c05ab28ffc6ce964e359df6c2,Lab/Validation/Fixtures/Valid/topology.example.json,669,8bf334f79fc73b9e28e715d66f5fa6970bc4d79a059b32b8998e1da62863a90e,False,False
SQL_Server_Analyze,main,612bcc60d4a8a34c05ab28ffc6ce964e359df6c2,Lab/Validation/Invoke-LabQuickTestLifecycleTests.ps1,15769,64d20c321df6e06676ce00a12abee2de41b8b0dfe39751af20729b5f593c4a9e,False,False
SQL_Server_Analyze,main,612bcc60d4a8a34c05ab28ffc6ce964e359df6c2,Lab/Validation/Invoke-LabQuickTestPreflightTests.ps1,4949,3ec56aef2ee642e4cd567ef1d6ceb97a98d17e40ae3d78e7c007f178f8b445db,False,False
SQL_Server_Analyze,main,612bcc60d4a8a34c05ab28ffc6ce964e359df6c2,Lab/Validation/Invoke-LabQuickTestResetTests.ps1,12166,b55465e1bc7c01300599f2260652d0bee22291a653df49d2e7e290a2464e5bf5,False,False
SQL_Server_Analyze,main,612bcc60d4a8a34c05ab28ffc6ce964e359df6c2,Lab/Validation/Invoke-LabQuickTestRestartTests.ps1,10165,f0d23a03855b7e94c5a268b21d5c76cebea920dbbcbb60ac8618138189545103,False,False
SQL_Server_Analyze,main,612bcc60d4a8a34c05ab28ffc6ce964e359df6c2,Lab/Validation/Invoke-LabQuickTestStopTests.ps1,11895,d3f2a98fe58ecc13039540d69673d9423a5a8dfd10aac03a3f4003fd1c71e213,False,False
SQL_Server_Analyze,main,612bcc60d4a8a34c05ab28ffc6ce964e359df6c2,Lab/Validation/Invoke-LabQuickTestUpdateFrameworkTests.ps1,8995,71bd88c6144c3123945c73f3acd5825fca8687f5cf2037ef7ff080f0024a7628,False,False
SQL_Server_Analyze,main,612bcc60d4a8a34c05ab28ffc6ce964e359df6c2,Lab/Validation/Invoke-LabValidation.ps1,6159,ed7255b716688cb00b07b0a55908f38fe1448b3cbbdd8d860ece5a2ad408ba61,False,False
SQL_Server_Analyze,main,612bcc60d4a8a34c05ab28ffc6ce964e359df6c2,Lab/Validation/Invoke-LabWave1Tests.ps1,17522,7f535747570e9e8fd05ecd7bc111d538f1cbe22ba6da32b3efc721e82b0c6018,False,False
SQL_Server_Analyze,main,612bcc60d4a8a34c05ab28ffc6ce964e359df6c2,Lab/Validation/Invoke-LabWave2Tests.ps1,1982,780218e62845de285416f30b8465c88c1e3bbe0ada9bf07720e1190719702a99,False,False
SQL_Server_Analyze,main,612bcc60d4a8a34c05ab28ffc6ce964e359df6c2,Lab/Validation/Invoke-LabWave3Tests.ps1,5851,0f417913ba30d00185a7440c27f76aeb77ed5bfbbc11ab8d2f550565abb4536d,False,False
SQL_Server_Analyze,main,612bcc60d4a8a34c05ab28ffc6ce964e359df6c2,Lab/Validation/Invoke-LabWave4LogShippingTests.ps1,6972,20aa7239121eae7228e0e5112d4f1097261d14ccc1062eaf2fc81d9ba6fcbccc,False,False
SQL_Server_Analyze,main,612bcc60d4a8a34c05ab28ffc6ce964e359df6c2,Lab/Validation/Invoke-LabWave4RuntimeTests.ps1,5398,1770350cc9de34a447b4fd65f714ad1b682bbc0d9ae3e5d990ead6417442dfdb,False,False
SQL_Server_Analyze,main,612bcc60d4a8a34c05ab28ffc6ce964e359df6c2,Metadata/Inventory/ExecutionPlanAnalysisDependencies.csv,2882,d99b503a7d990b048d6ec3cf39d7dd517135b69f59372ec8b66a41d9f76ae27d,False,False
SQL_Server_Analyze,main,612bcc60d4a8a34c05ab28ffc6ce964e359df6c2,Metadata/Inventory/Module_Maturity.csv,6097,5bb615e901162544c9971bc26cc7adb390b82061624ecb489bc1c48bcd14498f,False,False
SQL_Server_Analyze,main,612bcc60d4a8a34c05ab28ffc6ce964e359df6c2,Metadata/Inventory/NonSystemDependencies.csv,1829,313b324f3896eb4ebd75ccd2e218391b0a6a1f4110e0f82fb556133fedecab34,False,False
SQL_Server_Analyze,main,612bcc60d4a8a34c05ab28ffc6ce964e359df6c2,Metadata/Inventory/Objects.csv,14402,fb551605e475a0e660578ffa58ce6d8cbc48ca1be69822ccc2f70d39b8227092,False,False
SQL_Server_Analyze,main,612bcc60d4a8a34c05ab28ffc6ce964e359df6c2,Metadata/Inventory/Parameters.csv,93337,82925fc84dac912148d904a2b02cf62b092fc7e27a20f479c74c81c260c8ad47,False,False
SQL_Server_Analyze,main,612bcc60d4a8a34c05ab28ffc6ce964e359df6c2,Metadata/Inventory/PermissionsAndFeatures.csv,11383,7d0cec6b4db1969d81d7302eb8460438952423a7b97801baab832b499860b869,False,False
SQL_Server_Analyze,main,612bcc60d4a8a34c05ab28ffc6ce964e359df6c2,Metadata/Inventory/ResultSets.csv,130883,676cb4b098fdd0a81ce388a80dcc7c505a8f0b7d00e703e7b315552c33c0e427,False,False
SQL_Server_Analyze,main,612bcc60d4a8a34c05ab28ffc6ce964e359df6c2,Metadata/Inventory/SystemSources.csv,122902,996609f7ca9fdd4d112aff7d2707e6c054e2cfa73adfd553226ddc174f42c922,False,False
SQL_Server_Analyze,main,612bcc60d4a8a34c05ab28ffc6ce964e359df6c2,Metadata/Quality/Analysis_Documentation_Review.csv,4885,d1da1d8471a5e2154eeef01090c4980bf5b51ce2051f181950693928882ed360,False,False
SQL_Server_Analyze,main,612bcc60d4a8a34c05ab28ffc6ce964e359df6c2,Metadata/Quality/CurrentRequestContext_Public_Contract.json,5047,a47d9ab306490e38b33df711385e93fc035b9e39c36c13fb0df01586d00fff6c,False,False
SQL_Server_Analyze,main,612bcc60d4a8a34c05ab28ffc6ce964e359df6c2,Metadata/Quality/Docker_Podman_Quick_Test_Status.json,3614,348c70a4ee6575d4a5572bdbc363d61e4db51210a3dbc8512296f1b62bab1025,False,False
SQL_Server_Analyze,main,612bcc60d4a8a34c05ab28ffc6ce964e359df6c2,Metadata/Quality/ExecutionPlanAnalysis_Public_Contract.json,11330,0feea43a5b24721292f6aa0665abaf98b3a61db351372a238711b99b34df5220,False,False
SQL_Server_Analyze,main,612bcc60d4a8a34c05ab28ffc6ce964e359df6c2,Metadata/Quality/External_Evidence_Gates.csv,1218,148c5bc0e4987f40095b5ab45b377bb9c11c3e941d19ff359b98a36abaedad6b,False,False
SQL_Server_Analyze,main,612bcc60d4a8a34c05ab28ffc6ce964e359df6c2,Metadata/Quality/Future_Enhancement_Backlog.csv,8933,d7cb6e7281eb89697e4a1b191a5748b5466ce287d4cae99d3790fbb69c62d8b1,False,False
SQL_Server_Analyze,main,612bcc60d4a8a34c05ab28ffc6ce964e359df6c2,Metadata/Quality/Implementation_Status.csv,3760,e7bf7223f9bc890299c2419813e9ad758a26401918ef02c64386113a450fe957,False,False
SQL_Server_Analyze,main,612bcc60d4a8a34c05ab28ffc6ce964e359df6c2,Metadata/Quality/Lab_External_Evidence_Gates.csv,2683,d71836b5579c90d013af2fc378c9a9632369843514159b3817214d74e4cf44c9,False,False
SQL_Server_Analyze,main,612bcc60d4a8a34c05ab28ffc6ce964e359df6c2,Metadata/Quality/Lab_Scenario_Coverage.csv,16145,107e893a3f3f818dd76bae687e1f05ba87a718dd9ffa1d18f04838d15db89f12,False,False
SQL_Server_Analyze,main,612bcc60d4a8a34c05ab28ffc6ce964e359df6c2,Metadata/Quality/Lab_Wave_Status.csv,3339,d3a9f7080350e4c122bbf497f639c9b0f279dba15b6b8b88868dbdb78377880f,False,False
SQL_Server_Analyze,main,612bcc60d4a8a34c05ab28ffc6ce964e359df6c2,Metadata/Quality/Release_Gate_Evidence.csv,21207,8c038cffc69963995bbec546a1e1419d5bdd7ca125b1b1c60dc7d4b315938259,False,False
SQL_Server_Analyze,main,612bcc60d4a8a34c05ab28ffc6ce964e359df6c2,Metadata/Quality/Repository_Privacy_Allowlist.csv,5576,a10851b4877d6a6fc0720ff62a44164c8c1cb6b1854fa216f761f1f0ea606134,False,False
SQL_Server_Analyze,main,612bcc60d4a8a34c05ab28ffc6ce964e359df6c2,Metadata/Quality/SQL25_JSON_Index_Public_Contract.json,3537,96b3b4f210d42efbf3025901de288730832889f18762f147782f11231811fc27,False,False
SQL_Server_Analyze,main,612bcc60d4a8a34c05ab28ffc6ce964e359df6c2,Metadata/Quality/SQL25_Readable_Secondary_Statistics_Public_Contract.json,4358,fc67febe74895310211353c7b48fd4c562efd196b21bb10c05ee0ac92779b810,False,False
SQL_Server_Analyze,main,612bcc60d4a8a34c05ab28ffc6ce964e359df6c2,Metadata/Quality/SQL25_TempDB_Resource_Governance_Public_Contract.json,6019,3bf03542e75657b76f0ee8174453c977cc5ae00176a6bd1ae9411fb61188f32a,False,False
SQL_Server_Analyze,main,612bcc60d4a8a34c05ab28ffc6ce964e359df6c2,Metadata/Quality/SQL25_Vector_Index_Public_Contract.json,2986,7e9d0be4375d2c39f71b19890fb7466d9b4aea1cbac98d1e7b29feb9a9f470f3,False,False
SQL_Server_Analyze,main,612bcc60d4a8a34c05ab28ffc6ce964e359df6c2,Metadata/Quality/SnapshotBaseline_Public_Contract.json,2570,e7d3cb32f326269ed2d7c934b62c63ab578c727b8c93045fd213eff7572c3670,False,False
SQL_Server_Analyze,main,612bcc60d4a8a34c05ab28ffc6ce964e359df6c2,Metadata/Quality/Special_Case_Gap_Backlog.csv,11952,a6ee7e184a93407baf26393d771dbaf2121d8790023d1291a7442c1101ef225d,False,False
SQL_Server_Analyze,main,612bcc60d4a8a34c05ab28ffc6ce964e359df6c2,Metadata/Quality/Special_Case_Release_Audit.json,29179,b2820d61e04db86f9d96b14ab8a4b0e1910e27ce5f32f03f1de5c3c26a198279,False,False
SQL_Server_Analyze,main,612bcc60d4a8a34c05ab28ffc6ce964e359df6c2,Metadata/Quality/Special_Case_Test_Cases.csv,51246,59b5face3d37fa614c8328c64f9a24a88f2128e4bb8cef1084f73e37865d70bd,False,False
SQL_Server_Analyze,main,612bcc60d4a8a34c05ab28ffc6ce964e359df6c2,Metadata/Quality/Test_Matrix.csv,3398,c0ff9a230b87167eff27e2db4ad2911d0feaff916c3c73ed72499dd084f7192c,False,False
SQL_Server_Analyze,main,612bcc60d4a8a34c05ab28ffc6ce964e359df6c2,Metadata/Quality/Wait_Type_Curation_Evidence.json,4080,a79774a36954c40a6cb90457efeb5019ff89c893a371c7fd71bbf5fe46ec58a0,False,False
SQL_Server_Analyze,main,612bcc60d4a8a34c05ab28ffc6ce964e359df6c2,QuickStart/Docker/.env.example,1846,30890604ac31aeef205bf9b9ee0ceace6e9a1cbcd62f99d470702b2071afbe5a,False,False
SQL_Server_Analyze,main,612bcc60d4a8a34c05ab28ffc6ce964e359df6c2,QuickStart/Docker/Internal/Common.ps1,3073,dd3f0c935ca52098efd2f4c025d5d986675ffe8c42deed59a49161eee44256a4,False,False
SQL_Server_Analyze,main,612bcc60d4a8a34c05ab28ffc6ce964e359df6c2,QuickStart/Docker/Internal/Configuration/Environment.ps1,12295,8db93afe6214520f7c00842cab7e3a073e8d9f76645e4827322ed302004b4091,False,False
SQL_Server_Analyze,main,612bcc60d4a8a34c05ab28ffc6ce964e359df6c2,QuickStart/Docker/Internal/Configuration/Parameters.ps1,5010,098e9726c6aed991842a44b5328f98d14bc53f0405350a58adae4b43ffe63f4f,False,False
SQL_Server_Analyze,main,612bcc60d4a8a34c05ab28ffc6ce964e359df6c2,QuickStart/Docker/Internal/Configuration/SetupConfiguration.ps1,11058,6a0f164fc902d6814012ad7b6298978c2b43f3f0b02dcbd686eb54d722163df6,False,False
SQL_Server_Analyze,main,612bcc60d4a8a34c05ab28ffc6ce964e359df6c2,QuickStart/Docker/Internal/Configuration/Storage.ps1,6034,672d0444aa0fa70833b35fa8733dc882107eeb95d764819d1c8784ceae77b477,False,False
SQL_Server_Analyze,main,612bcc60d4a8a34c05ab28ffc6ce964e359df6c2,QuickStart/Docker/Internal/Configuration.ps1,275,cdb101a22703b03da253a141772bc8a3bed9b559aad577a4c8f353cd9885f24e,False,False
SQL_Server_Analyze,main,612bcc60d4a8a34c05ab28ffc6ce964e359df6c2,QuickStart/Docker/Internal/Lifecycle.ps1,7753,1f4ab55c7380d56c1f3fa655e4f9cc454f1ea55694225e1609cf45ca179c007a,False,False
SQL_Server_Analyze,main,612bcc60d4a8a34c05ab28ffc6ce964e359df6c2,QuickStart/Docker/Internal/PathSafety.ps1,8586,b1db18eac12215ed324de22b67fa5eb1b6fae1c9e8814790ca15eca94463cf0d,False,False
SQL_Server_Analyze,main,612bcc60d4a8a34c05ab28ffc6ce964e359df6c2,QuickStart/Docker/Internal/Runtime.ps1,16200,0c06340cac3fb21e595aa8d32e7ac40d0e4eeecb496923ad9cad7720c7c2ca0b,False,False
SQL_Server_Analyze,main,612bcc60d4a8a34c05ab28ffc6ce964e359df6c2,QuickStart/Docker/README.md,11110,cc55e6a7c3aff9f569a06a12d5dcb9e5563f5c1ac1ba1022f7d15ce8a9aecd1d,False,False
SQL_Server_Analyze,main,612bcc60d4a8a34c05ab28ffc6ce964e359df6c2,QuickStart/Docker/Setup.ps1,1650,eaf74ffd81376647ad2386d86a16e3bbf776a797ebc417d66e97494f280f83fd,False,False
SQL_Server_Analyze,main,612bcc60d4a8a34c05ab28ffc6ce964e359df6c2,QuickStart/Docker/Uninstall.ps1,575,52b057486fc8aacfa97c2af67d89919f2d9d6cda140f3efab13f87c99d8a76d9,False,False
SQL_Server_Analyze,main,612bcc60d4a8a34c05ab28ffc6ce964e359df6c2,QuickStart/Docker/Validation/Invoke-QuickStartPathSafetyTests.ps1,5680,9d947f7ce8e2af6ee9fafa80f8a265a3d41d0c79d4f55580b41274f2297a4958,False,False
SQL_Server_Analyze,main,612bcc60d4a8a34c05ab28ffc6ce964e359df6c2,QuickStart/Docker/docker-compose.docker-desktop.yml,1918,bed2ece2ff73038af3cc21abe21ba78bb606872425a5137381c0aa55975d095e,False,False
SQL_Server_Analyze,main,612bcc60d4a8a34c05ab28ffc6ce964e359df6c2,QuickStart/Docker/docker-compose.slow-io.yml,867,8de4a496044c5b25eec69710be0e25003b760ddd3123c62bbb122bf150d44b71,False,False
SQL_Server_Analyze,main,612bcc60d4a8a34c05ab28ffc6ce964e359df6c2,QuickStart/Docker/docker-compose.yml,4936,5e7d5e7e532e806952b1d38dc37290ad72cd6ddc47120f4460f4da5ec8b2a056,False,False
SQL_Server_Analyze,main,612bcc60d4a8a34c05ab28ffc6ce964e359df6c2,QuickStart/HyperV/.env.example,1072,bd85632922a4f211623feb353aa2a3d9fe16ce692e06a8b5262610040ca87954,False,False
SQL_Server_Analyze,main,612bcc60d4a8a34c05ab28ffc6ce964e359df6c2,QuickStart/HyperV/Documentation/Base_Image_Quellen.md,9136,f7dff82567a4d1a02f8435c25adfe8e4e82781f14bd2158d5da59b0a7446ef32,False,False
SQL_Server_Analyze,main,612bcc60d4a8a34c05ab28ffc6ce964e359df6c2,QuickStart/HyperV/Internal/Common.ps1,4532,d924fbc383081e9d2232f2795a308531894fc9d21027e0d40cfa65d4f94ca82c,False,False
SQL_Server_Analyze,main,612bcc60d4a8a34c05ab28ffc6ce964e359df6c2,QuickStart/HyperV/Internal/Configuration.ps1,12992,cedd9f72a0380f2698e009c374935c156ce4d60826348a87ce9aaf9d8fc53f25,False,False
SQL_Server_Analyze,main,612bcc60d4a8a34c05ab28ffc6ce964e359df6c2,QuickStart/HyperV/Internal/Lifecycle.ps1,3426,7043d78fd230dd811e43d7b203ae33f9914a8b813fafc9e96a235c226d4cebdc,False,False
SQL_Server_Analyze,main,612bcc60d4a8a34c05ab28ffc6ce964e359df6c2,QuickStart/HyperV/Internal/NetworkSimulation.ps1,7327,27048d01004b72997a111d7380a04c0c8f60a9d1c5f440e6fda8b9b58ccd623e,False,False
SQL_Server_Analyze,main,612bcc60d4a8a34c05ab28ffc6ce964e359df6c2,QuickStart/HyperV/Internal/PathSafety.ps1,5123,6d03c00ed8e559b471ae80e6a7667c6c356d2e48ef81475a8b5802c68be94cf6,False,False
SQL_Server_Analyze,main,612bcc60d4a8a34c05ab28ffc6ce964e359df6c2,QuickStart/HyperV/Internal/Runtime.ps1,5752,8bddfaab1eb9ef1eb8534e0db91c6ccb98d02eaa264b8d526831be805924e136,False,False
SQL_Server_Analyze,main,612bcc60d4a8a34c05ab28ffc6ce964e359df6c2,QuickStart/HyperV/Internal/SqlInstall.ps1,13025,fbb7e42c3ffb3ce478c8f7ab0361e752590c2ede2d27c65776a0a510267c3006,False,False
SQL_Server_Analyze,main,612bcc60d4a8a34c05ab28ffc6ce964e359df6c2,QuickStart/HyperV/Internal/VmProvisioning.ps1,12304,2edf8766eaae669dbd8c8c9c3a77b14b635d840f3770729d1ba62900f60e7661,False,False
SQL_Server_Analyze,main,612bcc60d4a8a34c05ab28ffc6ce964e359df6c2,QuickStart/HyperV/README.md,6062,f53c904463052cc8fc55cfd3d38793fb97f776f16b3049156a5bd091d39b89cc,False,False
SQL_Server_Analyze,main,612bcc60d4a8a34c05ab28ffc6ce964e359df6c2,QuickStart/HyperV/Setup.ps1,3583,92c24d637b24b1c92f9dea28597f21bf6cf9f5174ad719deb91e6d1a00c5ae52,False,False
SQL_Server_Analyze,main,612bcc60d4a8a34c05ab28ffc6ce964e359df6c2,QuickStart/HyperV/Uninstall.ps1,176,8a5c85c34b2d78ea99a99a799fcd75ae558d051e828e50eaef5e40073cfe14f6,False,False
SQL_Server_Analyze,main,612bcc60d4a8a34c05ab28ffc6ce964e359df6c2,QuickStart/README.md,922,166aa39adf30106ea5268f6f82f90f44d38aa1e797a31fc2749d303e1b4f9413,False,False
SQL_Server_Analyze,main,612bcc60d4a8a34c05ab28ffc6ce964e359df6c2,README.md,13584,0679908a9b25bce3f59ee4083085a42a794be3130830bbe54773bbd487e19366,False,False
SQL_Server_Analyze,main,612bcc60d4a8a34c05ab28ffc6ce964e359df6c2,zip/.gitignore,289,0001f1659fb0e8b8544b5ff914722b743b7d97d4dd33987adc476dece9bca928,False,False
SQL_PerformanceSchulung,main,bc3a180c9ff4b87314a8e526a16d41ec36f57ea6,.ai/BACKLOG.md,5541,5d8cad1758f1bd66f2728b91452e14e82532bace7a7c9449af1d5ce1bae38685,False,False
SQL_PerformanceSchulung,main,bc3a180c9ff4b87314a8e526a16d41ec36f57ea6,.ai/DECISIONS.md,11753,dc89fdf8b18a95a6f485e9372f54308e0aa116b1e7dc30abc6e77407246233ba,False,False
SQL_PerformanceSchulung,main,bc3a180c9ff4b87314a8e526a16d41ec36f57ea6,.ai/DEMO_CONTRACT.md,7697,ab7301e6e5a2f11b0b1486c51d3d961a62108c5c70c2c6414202196d497c491d,False,False
SQL_PerformanceSchulung,main,bc3a180c9ff4b87314a8e526a16d41ec36f57ea6,.ai/PROJECT_CONTEXT.md,2140,cf798dd08ba7653c7ba4cae3815ceb38f243507b823748c1660a631db8dca331,False,False
SQL_PerformanceSchulung,main,bc3a180c9ff4b87314a8e526a16d41ec36f57ea6,.ai/PROJECT_RULES.md,2345,22bec04b22421a12687ec9b463f9150f264b00191379d789db89d41f3a3899a0,False,False
SQL_PerformanceSchulung,main,bc3a180c9ff4b87314a8e526a16d41ec36f57ea6,.ai/README.md,1208,a625b1024d8502e855690907d2d21590e83ad9dad8a9f9b10de809fde82755ea,False,False
SQL_PerformanceSchulung,main,bc3a180c9ff4b87314a8e526a16d41ec36f57ea6,.ai/ROADMAP.md,3354,d08a02eccad398ec19146ee9d8a0b716ed2cce92bcbd17ba7a118b946f2c9cfe,False,False
SQL_PerformanceSchulung,main,bc3a180c9ff4b87314a8e526a16d41ec36f57ea6,.github/pull_request_template.md,710,0b1afe9de24d38fc6d5bd5069fc768faafd5acb00842a6dde38e12c7ed30e7bb,False,False
SQL_PerformanceSchulung,main,bc3a180c9ff4b87314a8e526a16d41ec36f57ea6,.github/workflows/framework-contracts.yml,1155,fab2be999ca83203ab89d39536caa63b66b7f73271236201b162298ca24cb676,False,False
SQL_PerformanceSchulung,main,bc3a180c9ff4b87314a8e526a16d41ec36f57ea6,.github/workflows/framework-sql-matrix.yml,3751,92049f1d85c1314ebe1dfed3c1e6a6665f244ce394e942032f16a4837315d79b,False,False
SQL_PerformanceSchulung,main,bc3a180c9ff4b87314a8e526a16d41ec36f57ea6,.github/workflows/gate-b-pilots.yml,4786,371c518d58691d839ef0ca7d5067c07716df18d16865c69abf029f1852be8ed9,False,False
SQL_PerformanceSchulung,main,bc3a180c9ff4b87314a8e526a16d41ec36f57ea6,.github/workflows/presentation-refine-claims.yml,1457,38e22bf3eecff280cbd140e8ddfb35f2685191ba5306c488a27988b0c121f0fa,False,False
SQL_PerformanceSchulung,main,bc3a180c9ff4b87314a8e526a16d41ec36f57ea6,.github/workflows/w2-001-classification.yml,1477,c4f3d713de47d4c7f7457dcef1b712dba2b3d241196ea2471caf5ee8878c05b7,False,False
SQL_PerformanceSchulung,main,bc3a180c9ff4b87314a8e526a16d41ec36f57ea6,.gitignore,53,33006260bc8f5b5a8223ef4a77a98d5233abbfc66d66d72dea62b1d0484519e5,False,False
SQL_PerformanceSchulung,main,bc3a180c9ff4b87314a8e526a16d41ec36f57ea6,Assets/README.md,351,04e99b7c1a14bb1695cb874177c74ee8f8c31fd09f74287fdbafde2585498719,False,False
SQL_PerformanceSchulung,main,bc3a180c9ff4b87314a8e526a16d41ec36f57ea6,CONTRIBUTING.md,1827,16e74f29df57d0b481cf73c51f0949d11f0b3fae16cc9250b66e2caf2097245c,False,False
SQL_PerformanceSchulung,main,bc3a180c9ff4b87314a8e526a16d41ec36f57ea6,CheckLargeGitFilesPush.ps1,16144,5299f57bb5d87dc275f7ea40d12c305ff7c597552ed1d8553d0778f1bccdacdc,False,False
SQL_PerformanceSchulung,main,bc3a180c9ff4b87314a8e526a16d41ec36f57ea6,Demos/00_Framework/Contracts/FWK-001_Preflight_Contract.md,5471,8a4584778da542d3fa850b5562983fc05c7bfa006853c3e9e96bb6c891efacce,False,False
SQL_PerformanceSchulung,main,bc3a180c9ff4b87314a8e526a16d41ec36f57ea6,Demos/00_Framework/Contracts/FWK-002_TestDatabase_Lifecycle_Contract.md,4987,8bd60b78a92ee8f1f712770a959774b9ab8a058995f07e9450fac9081414e9a8,False,False
SQL_PerformanceSchulung,main,bc3a180c9ff4b87314a8e526a16d41ec36f57ea6,Demos/00_Framework/Contracts/FWK-003_Synthetic_Data_Contract.md,4782,95ded4c172f9c4a653789b6780d25d2d7c0ce53ff2deae8268dfabddccc21ce9,False,False
SQL_PerformanceSchulung,main,bc3a180c9ff4b87314a8e526a16d41ec36f57ea6,Demos/00_Framework/Contracts/FWK-004_Measurement_Contract.md,3632,6418b2bd47eedc5d7ee22fb54a7f883902770f2c4d99cf4043573f3d542c7d5d,False,False
SQL_PerformanceSchulung,main,bc3a180c9ff4b87314a8e526a16d41ec36f57ea6,Demos/00_Framework/Contracts/FWK-005_Plan_Statistics_Evidence_Contract.md,2978,ed266792da869e628b987930654f1bfcd7b1c2e2657a25b876d5121b0dc276c6,False,False
SQL_PerformanceSchulung,main,bc3a180c9ff4b87314a8e526a16d41ec36f57ea6,Demos/00_Framework/Contracts/FWK-006_MultiSession_Orchestration_Contract.md,3685,372c49d5e71346bbb68815acffb631060076ad63c4e48ba4e044a14e8827e9a0,False,False
SQL_PerformanceSchulung,main,bc3a180c9ff4b87314a8e526a16d41ec36f57ea6,Demos/00_Framework/Contracts/FWK-007_QueryStore_ExtendedEvents_Contract.md,3594,eb59aadf30d434a5a0d67e0237cbcf656d4a3e878a078981b29960e7225bcfd7,False,False
SQL_PerformanceSchulung,main,bc3a180c9ff4b87314a8e526a16d41ec36f57ea6,Demos/00_Framework/Contracts/FWK-008_Safety_Abort_Contract.md,3375,f1b3c444710557b94d5e056b71db9dd4a61c906904e34949d9836f908297fee1,False,False
SQL_PerformanceSchulung,main,bc3a180c9ff4b87314a8e526a16d41ec36f57ea6,Demos/00_Framework/Contracts/FWK-010_Runtime_Harness_Contract.md,3171,71454f990adedd3a6a9e86396041ecb195818994db2820701c4f66cf9efb2612,False,False
SQL_PerformanceSchulung,main,bc3a180c9ff4b87314a8e526a16d41ec36f57ea6,Demos/00_Framework/Contracts/FWK-011_Result_Normalization_Contract.md,3146,ca6599d2feb6cb8f412ed071fe351cfbf88df122e6fbb17113f26dca5eefe7a0,False,False
SQL_PerformanceSchulung,main,bc3a180c9ff4b87314a8e526a16d41ec36f57ea6,Demos/00_Framework/Contracts/FWK-012_Status_Error_Skip_Contract.md,4640,30ff5f576325e23f10fb9e5439ffa22ba21e574882d3c07e17878f5136cff39a,False,False
SQL_PerformanceSchulung,main,bc3a180c9ff4b87314a8e526a16d41ec36f57ea6,Demos/00_Framework/Examples/FWK-006/10_Producer.sql,417,ac84afee5e2a26b85a9356f1d73a8e6050bd8ad4b2011c883f6831a9437ced5b,False,False
SQL_PerformanceSchulung,main,bc3a180c9ff4b87314a8e526a16d41ec36f57ea6,Demos/00_Framework/Examples/FWK-006/20_Consumer.sql,417,049f2f9ad2c6ee9030aacb17c6346b7d5ce20b63d4cb16a48c4b6eb94de51a6d,False,False
SQL_PerformanceSchulung,main,bc3a180c9ff4b87314a8e526a16d41ec36f57ea6,Demos/00_Framework/Examples/FWK-006/manifest.json,359,50d764dd74f3fc4f2a95ccbd88d7c69129b6a66f3017b23c5b085c1ebaf648ef,False,False
SQL_PerformanceSchulung,main,bc3a180c9ff4b87314a8e526a16d41ec36f57ea6,Demos/00_Framework/Examples/FWK-010/00_Preflight.sql,459,f5ebfe46996210887cb3c62af5fd26478073ab7ddb606aeae30bc721ae35d417,False,False
SQL_PerformanceSchulung,main,bc3a180c9ff4b87314a8e526a16d41ec36f57ea6,Demos/00_Framework/Examples/FWK-010/10_Setup.sql,118,973de38251be2b0f2cbf37f59e2150172b61361d8016c3697f80b23e56e925b8,False,False
SQL_PerformanceSchulung,main,bc3a180c9ff4b87314a8e526a16d41ec36f57ea6,Demos/00_Framework/Examples/FWK-010/30_Demonstration.sql,167,d5c0fe02eff82180e8217e8b5b7f0024a2205d5f1b84975f685593fd42bdbb6b,False,False
SQL_PerformanceSchulung,main,bc3a180c9ff4b87314a8e526a16d41ec36f57ea6,Demos/00_Framework/Examples/FWK-010/90_Cleanup.sql,131,58a798c4bba8e2c3cc4f67350ff8e18b7faa651e28466f4eac17235294c234ce,False,False
SQL_PerformanceSchulung,main,bc3a180c9ff4b87314a8e526a16d41ec36f57ea6,Demos/00_Framework/Examples/FWK-010/manifest.json,882,f8b94cdeace1f727daf98625900afeff4dfcb0e0a4d95e6f2b38343a0867bea7,False,False
SQL_PerformanceSchulung,main,bc3a180c9ff4b87314a8e526a16d41ec36f57ea6,Demos/00_Framework/Examples/FWK-011_Evidence.fail.example.json,263,f67cdac226167c82e718ff0a4170c4f6fd5a6cccf6707b89409a7e2435c7c81b,False,False
SQL_PerformanceSchulung,main,bc3a180c9ff4b87314a8e526a16d41ec36f57ea6,Demos/00_Framework/Examples/FWK-011_Evidence.pass.example.json,263,de333f941b313b3fe0586250f1364617c78d3a6304e17b802bf4e6513453ceba,False,False
SQL_PerformanceSchulung,main,bc3a180c9ff4b87314a8e526a16d41ec36f57ea6,Demos/00_Framework/Examples/FWK-011_ResultContract.example.json,798,3c2a184ac948b8708b197faab8b8f837d522e4a7714b60cdc6eed064fe5f9d76,False,False
SQL_PerformanceSchulung,main,bc3a180c9ff4b87314a8e526a16d41ec36f57ea6,Demos/00_Framework/README.md,4079,9e8df814f860088f7610e4d7b4908dd835e6fbc9481b10e48b1c4edaeadbeae2,False,False
SQL_PerformanceSchulung,main,bc3a180c9ff4b87314a8e526a16d41ec36f57ea6,Demos/00_Framework/Sql/FWK_ExtendedEventsLifecycle.sql,9597,06c0d2ecaf4d2a8cbd71860592a4d25a1ea1e03b48052cc0ce619bcdc5a4b7ef,False,False
SQL_PerformanceSchulung,main,bc3a180c9ff4b87314a8e526a16d41ec36f57ea6,Demos/00_Framework/Sql/FWK_Measurement.sql,17404,ff36bdacf8260b59aecf640f0fc46e3f71c0f5d73d5bbb5f9bc961296b62b275,False,False
SQL_PerformanceSchulung,main,bc3a180c9ff4b87314a8e526a16d41ec36f57ea6,Demos/00_Framework/Sql/FWK_MultiSessionControl.sql,10586,695b2e36e589653d081991ac91da4019d45a65306d48e9f60681ace0eb5ef678,False,False
SQL_PerformanceSchulung,main,bc3a180c9ff4b87314a8e526a16d41ec36f57ea6,Demos/00_Framework/Sql/FWK_QueryStoreLifecycle.sql,12765,0a2a0864d9695f9fef9c14bb16b11cd0b071a3948798fcab57f4774c9c0bb641,False,False
SQL_PerformanceSchulung,main,bc3a180c9ff4b87314a8e526a16d41ec36f57ea6,Demos/00_Framework/Sql/FWK_SyntheticDataGenerator.sql,12813,38e6365323c1ed4fb1d25837248cf38a2b300a56d965e655b1a8d0d6b176cb5f,False,False
SQL_PerformanceSchulung,main,bc3a180c9ff4b87314a8e526a16d41ec36f57ea6,Demos/00_Framework/Sql/FWK_TestDatabaseLifecycle.sql,24307,5188d45f6ddde2bd5ced0546be31075d82509fd28ca73843a45ee52de35593cb,False,False
SQL_PerformanceSchulung,main,bc3a180c9ff4b87314a8e526a16d41ec36f57ea6,Demos/00_Framework/Templates/00_Preflight.sql,20039,36b47886997fc9716f3651c6fbc6d4a8fe8e090a243dc3476e57fa20974649e5,False,False
SQL_PerformanceSchulung,main,bc3a180c9ff4b87314a8e526a16d41ec36f57ea6,Demos/00_Framework/Templates/40_Plan_Statistics_Evidence.sql,6217,214afe72110f8509e889158f56b4034b623ba1d3d6cd4e95137aea60812b889f,False,False
SQL_PerformanceSchulung,main,bc3a180c9ff4b87314a8e526a16d41ec36f57ea6,Demos/00_Framework/Templates/README_TEMPLATE.md,3871,77f352ef46c0e27472d0151f66ab9781286dbe65ced916aaaac1484efe982366,False,False
SQL_PerformanceSchulung,main,bc3a180c9ff4b87314a8e526a16d41ec36f57ea6,Demos/00_Framework/Tools/evaluate_result_contract.py,13474,cb9a81ceae1b46fe1721524f0bdbe4ef580bf7734c63bae313382fb6cb71a0e0,False,False
SQL_PerformanceSchulung,main,bc3a180c9ff4b87314a8e526a16d41ec36f57ea6,Demos/00_Framework/Tools/orchestrate_sessions.py,10291,8ad8851ddedbc156c99e9664a34bf0a0c06bfbe200c75d349f063ffd6dbab4bb,False,False
SQL_PerformanceSchulung,main,bc3a180c9ff4b87314a8e526a16d41ec36f57ea6,Demos/00_Framework/Tools/run_demo.py,15730,5c5b306d89383f74a1e06398bfc43795d5f4c4ed1238b900a5f9836d6dd54839,False,False
SQL_PerformanceSchulung,main,bc3a180c9ff4b87314a8e526a16d41ec36f57ea6,Demos/00_Framework/Tools/sqlcmd_process.py,6508,766989e4dff65ce14bfe9d4001fdfe52faae1a29192f6c19a3801ccfe2611a8d,False,False
SQL_PerformanceSchulung,main,bc3a180c9ff4b87314a8e526a16d41ec36f57ea6,Demos/01_Storage_Pages_Log/README.md,301,c778ec2357c3fd631a95f337804e58ccd90e2642eb1990c31c73d068acb4eed6,False,False
SQL_PerformanceSchulung,main,bc3a180c9ff4b87314a8e526a16d41ec36f57ea6,Demos/02_Optimizer_Statistics_Plans/README.md,314,df3f43f15e6ad9dbf00603c281ca1615126e33533ea2d37345742de21d2094bb,False,False
SQL_PerformanceSchulung,main,bc3a180c9ff4b87314a8e526a16d41ec36f57ea6,Demos/03_Query_Patterns/README.md,296,114f052abe4df7649768979b2f87f1f4cbe59c07fa95f044ed346b9efbe4247b,False,False
SQL_PerformanceSchulung,main,bc3a180c9ff4b87314a8e526a16d41ec36f57ea6,Demos/04_Optimizer_Statistics_Plans/OPT-002_Statistics_Anatomy/00_Preflight.sql,1885,6ee9727158b2c1bdd0d5ecddac608a18d172135ee31dd32d0c26ae3f8b5b8b9e,False,False
SQL_PerformanceSchulung,main,bc3a180c9ff4b87314a8e526a16d41ec36f57ea6,Demos/04_Optimizer_Statistics_Plans/OPT-002_Statistics_Anatomy/10_Setup.sql,4629,225903518b80b465e15501bb1514a397b84e9f32d27fd82880fca5f23a7d9407,False,False
SQL_PerformanceSchulung,main,bc3a180c9ff4b87314a8e526a16d41ec36f57ea6,Demos/04_Optimizer_Statistics_Plans/OPT-002_Statistics_Anatomy/20_Baseline.sql,933,91f5ba7616ffbcf5706a7d660bf079245c581a0ee3f1d5f9fc629c2ef99c4526,False,False
SQL_PerformanceSchulung,main,bc3a180c9ff4b87314a8e526a16d41ec36f57ea6,Demos/04_Optimizer_Statistics_Plans/OPT-002_Statistics_Anatomy/30_Demonstration.sql,2060,212e97ba3a0ee7ab51971e59e225e76d2c255b268bc2c5acd09d6537ed05a190,False,False
SQL_PerformanceSchulung,main,bc3a180c9ff4b87314a8e526a16d41ec36f57ea6,Demos/04_Optimizer_Statistics_Plans/OPT-002_Statistics_Anatomy/40_Observation.sql,1585,65e94af25856ad488852da12350f4060ef18516dc7617193416e4dcc29655a3c,False,False
SQL_PerformanceSchulung,main,bc3a180c9ff4b87314a8e526a16d41ec36f57ea6,Demos/04_Optimizer_Statistics_Plans/OPT-002_Statistics_Anatomy/50_Mitigation.sql,563,34527668bc612074af0af326032c9d5b4053a2a387e1b228951618e352f84312,False,False
SQL_PerformanceSchulung,main,bc3a180c9ff4b87314a8e526a16d41ec36f57ea6,Demos/04_Optimizer_Statistics_Plans/OPT-002_Statistics_Anatomy/60_Comparison.sql,2485,5c3770b04e19c417f57cb4be51d3a0daefa9bdd5d12fb5e227710dd867958e57,False,False
SQL_PerformanceSchulung,main,bc3a180c9ff4b87314a8e526a16d41ec36f57ea6,Demos/04_Optimizer_Statistics_Plans/OPT-002_Statistics_Anatomy/90_Cleanup.sql,2033,ba53507d81bb292c583ca5b85acefe2ab087e64ecd3148aa53e927fe1a8c1824,False,False
SQL_PerformanceSchulung,main,bc3a180c9ff4b87314a8e526a16d41ec36f57ea6,Demos/04_Optimizer_Statistics_Plans/OPT-002_Statistics_Anatomy/README.md,5493,0f5972b87329cfc1c44080a93cb1ca3f83373ae5fb1c46bad39d3fa38a8c860c,False,False
SQL_PerformanceSchulung,main,bc3a180c9ff4b87314a8e526a16d41ec36f57ea6,Demos/04_Optimizer_Statistics_Plans/OPT-002_Statistics_Anatomy/manifest.json,1229,1b3482cd8aeb99ff10796794aec1bfffb03a3242feed8b786846af47d1a8dc63,False,False
SQL_PerformanceSchulung,main,bc3a180c9ff4b87314a8e526a16d41ec36f57ea6,Demos/04_Optimizer_Statistics_Plans/OPT-013_Controlled_Spill/00_Preflight.sql,2285,379d2b0c81076827f3901a5b730fb9299cec418cff62d8810fccf217b6573da0,False,False
SQL_PerformanceSchulung,main,bc3a180c9ff4b87314a8e526a16d41ec36f57ea6,Demos/04_Optimizer_Statistics_Plans/OPT-013_Controlled_Spill/10_Setup.sql,5002,77af5429d6a07d44c4cf8dc2d1225ed9c9ebb35bfa7f51e4b6a9ff833ca7883e,False,False
SQL_PerformanceSchulung,main,bc3a180c9ff4b87314a8e526a16d41ec36f57ea6,Demos/04_Optimizer_Statistics_Plans/OPT-013_Controlled_Spill/20_Baseline.sql,2516,f1d5ff3d1aa5353b2f9ddeea31b1c1e8e483b393e0644403f8a2bb4eca2aa758,False,False
SQL_PerformanceSchulung,main,bc3a180c9ff4b87314a8e526a16d41ec36f57ea6,Demos/04_Optimizer_Statistics_Plans/OPT-013_Controlled_Spill/30_Demonstration.sql,3138,c442998ffc734097e5308264a5362860e4fdc60a561ea91f4e9bd44ef4660d41,False,False
SQL_PerformanceSchulung,main,bc3a180c9ff4b87314a8e526a16d41ec36f57ea6,Demos/04_Optimizer_Statistics_Plans/OPT-013_Controlled_Spill/40_Observation.sql,2720,ef594ef034402ebb3a9c1629b5c84a1af815f66063a50e7fec7b25a5d7834a71,False,False
SQL_PerformanceSchulung,main,bc3a180c9ff4b87314a8e526a16d41ec36f57ea6,Demos/04_Optimizer_Statistics_Plans/OPT-013_Controlled_Spill/50_Mitigation.sql,1197,78ddce816375fda931fe5466164af282e7fb8605fa43678e7a146276535d8bff,False,False
SQL_PerformanceSchulung,main,bc3a180c9ff4b87314a8e526a16d41ec36f57ea6,Demos/04_Optimizer_Statistics_Plans/OPT-013_Controlled_Spill/60_Comparison.sql,3052,9e154ca6c6c25aa0637b82dbedf8db04e8f2b7e12ceff4020cce4c6e74d16679,False,False
SQL_PerformanceSchulung,main,bc3a180c9ff4b87314a8e526a16d41ec36f57ea6,Demos/04_Optimizer_Statistics_Plans/OPT-013_Controlled_Spill/90_Cleanup.sql,2424,845a2f8b2739bb9ef5db9b37e27e7a8ccd4431f72ac6844e80ad4b93630baeb7,False,False
SQL_PerformanceSchulung,main,bc3a180c9ff4b87314a8e526a16d41ec36f57ea6,Demos/04_Optimizer_Statistics_Plans/OPT-013_Controlled_Spill/README.md,6698,a347d80d1236e5f4a7c3a8e828ce0f3cfef2a20a136b2d543ba5ad57ec4c60d2,False,False
SQL_PerformanceSchulung,main,bc3a180c9ff4b87314a8e526a16d41ec36f57ea6,Demos/04_Optimizer_Statistics_Plans/OPT-013_Controlled_Spill/manifest.json,1311,c6975f2491778af944b1b3d5b379631665b29cc9537693abdbfaa18999f23f65,False,False
SQL_PerformanceSchulung,main,bc3a180c9ff4b87314a8e526a16d41ec36f57ea6,Demos/04_Rowstore_Columnstore/README.md,291,ce2f1719fd0f8b08b24db146f2b15fb4e40bab1d28ba4b5fc44d291c9f344ee6,False,False
SQL_PerformanceSchulung,main,bc3a180c9ff4b87314a8e526a16d41ec36f57ea6,Demos/05_Concurrency_Isolation_TempDB/README.md,288,6e936375b3e1a3e4945fe2a29d1d9f454d44c19cffb0d83273692d13550e9627,False,False
SQL_PerformanceSchulung,main,bc3a180c9ff4b87314a8e526a16d41ec36f57ea6,Demos/05_Query_Patterns/QRY-001_SARGability/00_Preflight.sql,2773,959e2ee0737e826e68ef97b9b0ce1df73aa2a2d9f959fadf974ebc540372ee30,False,False
SQL_PerformanceSchulung,main,bc3a180c9ff4b87314a8e526a16d41ec36f57ea6,Demos/05_Query_Patterns/QRY-001_SARGability/10_Setup.sql,5123,9cb5b4187aa042ac7d79b76024505701c21a91ec6aed3eea7f4c45ba9fd7d6b5,False,False
SQL_PerformanceSchulung,main,bc3a180c9ff4b87314a8e526a16d41ec36f57ea6,Demos/05_Query_Patterns/QRY-001_SARGability/20_Baseline.sql,2042,cce8742d85067fbee2919cd7d06b5d9b4e9a70e2509e92d295512d013fce8b23,False,False
SQL_PerformanceSchulung,main,bc3a180c9ff4b87314a8e526a16d41ec36f57ea6,Demos/05_Query_Patterns/QRY-001_SARGability/30_Demonstration.sql,2036,2e895b3c83e6916551baea7250e0f7167a2d62daae36316b4b271514912eb4e5,False,False
SQL_PerformanceSchulung,main,bc3a180c9ff4b87314a8e526a16d41ec36f57ea6,Demos/05_Query_Patterns/QRY-001_SARGability/40_Observation.sql,1801,95ea0172a4c9bd3de5d158d0f09e66c2c61e4fa7363d81e0d77ff6d94efd64b1,False,False
SQL_PerformanceSchulung,main,bc3a180c9ff4b87314a8e526a16d41ec36f57ea6,Demos/05_Query_Patterns/QRY-001_SARGability/50_Mitigation.sql,795,cda00af8cf840fe620f05a85735354341fb7d0f957c1909257938aac08b14dc1,False,False
SQL_PerformanceSchulung,main,bc3a180c9ff4b87314a8e526a16d41ec36f57ea6,Demos/05_Query_Patterns/QRY-001_SARGability/60_Comparison.sql,2614,40a61f7e7049838cde99d1d56e6dafecc228ce1d149a00f58d92ab42d16b82d1,False,False
SQL_PerformanceSchulung,main,bc3a180c9ff4b87314a8e526a16d41ec36f57ea6,Demos/05_Query_Patterns/QRY-001_SARGability/90_Cleanup.sql,2513,9bf69c3d66d6941f15da80485fdd5f3b253a8f432eb2611c2267c0024e70554e,False,False
SQL_PerformanceSchulung,main,bc3a180c9ff4b87314a8e526a16d41ec36f57ea6,Demos/05_Query_Patterns/QRY-001_SARGability/README.md,5471,48ed00b795f8d70cbe726ede35fb0c5e0c7114df96f318ae44f1dc533bcb8f04,False,False
SQL_PerformanceSchulung,main,bc3a180c9ff4b87314a8e526a16d41ec36f57ea6,Demos/05_Query_Patterns/QRY-001_SARGability/manifest.json,1322,e515430d744c8093f21b7862a962f8a984d263eeb3b490f1f11b078b7eb48a76,False,False
SQL_PerformanceSchulung,main,bc3a180c9ff4b87314a8e526a16d41ec36f57ea6,Demos/06_CPU_Memory_IO_Waits/README.md,297,00f681c0d8b2ed60084929f9062432cf13f0c94e68868a0938f7d390215682ee,False,False
SQL_PerformanceSchulung,main,bc3a180c9ff4b87314a8e526a16d41ec36f57ea6,Demos/07_Concurrency/CON-004_Blocking_Chain/00_Preflight.sql,2423,1ced4722efaefd3ffb9596759e0de5a5e37b572e5d368539125791826ba9dca8,False,False
SQL_PerformanceSchulung,main,bc3a180c9ff4b87314a8e526a16d41ec36f57ea6,Demos/07_Concurrency/CON-004_Blocking_Chain/10_Setup.sql,6014,9b9eeb89e56cfcef3cd7c68ec537f11ca2bd5789bec49c0787a8c58476e178cf,False,False
SQL_PerformanceSchulung,main,bc3a180c9ff4b87314a8e526a16d41ec36f57ea6,Demos/07_Concurrency/CON-004_Blocking_Chain/20_Baseline.sql,954,68c554b065cb9a40eb6df2e5906747b69c23f347d55512ca97e3e84197c59a10,False,False
SQL_PerformanceSchulung,main,bc3a180c9ff4b87314a8e526a16d41ec36f57ea6,Demos/07_Concurrency/CON-004_Blocking_Chain/40_Observation.sql,1937,4a71d9740fdc5a5b2bd6796f9a4162f8737fa3702cbdbfb2de93d1626109dee1,False,False
SQL_PerformanceSchulung,main,bc3a180c9ff4b87314a8e526a16d41ec36f57ea6,Demos/07_Concurrency/CON-004_Blocking_Chain/50_Mitigation.sql,710,f5ac9d47ca45225b3c591767020df94522c0db45e0b8373edbb4e3bae7ead3d7,False,False
SQL_PerformanceSchulung,main,bc3a180c9ff4b87314a8e526a16d41ec36f57ea6,Demos/07_Concurrency/CON-004_Blocking_Chain/70_Comparison.sql,1066,56ea606f4f970c23ef7111c2f178b0e9f93dcbc5abff35e057628f6e32d84c71,False,False
SQL_PerformanceSchulung,main,bc3a180c9ff4b87314a8e526a16d41ec36f57ea6,Demos/07_Concurrency/CON-004_Blocking_Chain/90_Cleanup.sql,2053,decf36747f4786b31490b2d6c32cc23626ecc8b03311b54a81f7f8d0938e6e89,False,False
SQL_PerformanceSchulung,main,bc3a180c9ff4b87314a8e526a16d41ec36f57ea6,Demos/07_Concurrency/CON-004_Blocking_Chain/README.md,5687,e6ace1d2608084275e67e0a9bbdda00d1deaceac8a47b6f1edc2969757291807,False,False
SQL_PerformanceSchulung,main,bc3a180c9ff4b87314a8e526a16d41ec36f57ea6,Demos/07_Concurrency/CON-004_Blocking_Chain/Sessions/10_Head.sql,645,3ce2dbd62a4360dbacd947125fab556ea7e68a57c7dc372b469dae889e311850,False,False
SQL_PerformanceSchulung,main,bc3a180c9ff4b87314a8e526a16d41ec36f57ea6,Demos/07_Concurrency/CON-004_Blocking_Chain/Sessions/20_Middle.sql,1400,a536ab4fe01a02e339cdb9eea065cbfbc33d5212a3f7188994282cb8644b1a97,False,False
SQL_PerformanceSchulung,main,bc3a180c9ff4b87314a8e526a16d41ec36f57ea6,Demos/07_Concurrency/CON-004_Blocking_Chain/Sessions/30_Leaf.sql,1176,2837f83818c9d931450cbf325862dc2c342c3f2eb572b16baf1ba8246268bbef,False,False
SQL_PerformanceSchulung,main,bc3a180c9ff4b87314a8e526a16d41ec36f57ea6,Demos/07_Concurrency/CON-004_Blocking_Chain/Sessions/40_Observer.sql,2395,413e931e7211483bc0826bf4f77c5aaaa6c64be89e882418f106397e5ac85e48,False,False
SQL_PerformanceSchulung,main,bc3a180c9ff4b87314a8e526a16d41ec36f57ea6,Demos/07_Concurrency/CON-004_Blocking_Chain/Sessions/50_FirstWriter.sql,492,7ca07e836549d98d7793a862ef9b2a8ae2ffc288f16c6a720ee3ae1e25d507de,False,False
SQL_PerformanceSchulung,main,bc3a180c9ff4b87314a8e526a16d41ec36f57ea6,Demos/07_Concurrency/CON-004_Blocking_Chain/Sessions/60_Follower.sql,519,d212f4491b1b4f281bea4143dd61f8a82f375ae844c9c60f7d064adf2322982e,False,False
SQL_PerformanceSchulung,main,bc3a180c9ff4b87314a8e526a16d41ec36f57ea6,Demos/07_Concurrency/CON-004_Blocking_Chain/Sessions/comparison.json,301,180b30228e68b42e2266035fdd0f2d6018b9128185c0d99b3a17ad0e7f70ce74,False,False
SQL_PerformanceSchulung,main,bc3a180c9ff4b87314a8e526a16d41ec36f57ea6,Demos/07_Concurrency/CON-004_Blocking_Chain/Sessions/problem.json,418,e1f81f56a563f1a9e6ab0983de2748a82f5c47be70669a78189b023b51cf874f,False,False
SQL_PerformanceSchulung,main,bc3a180c9ff4b87314a8e526a16d41ec36f57ea6,Demos/07_Concurrency/CON-004_Blocking_Chain/manifest.json,1426,cd5c901b0b4bcaa03cf73895a2ed6f875b71bfb5eae32fbd5b7af7361e6eed30,False,False
SQL_PerformanceSchulung,main,bc3a180c9ff4b87314a8e526a16d41ec36f57ea6,Demos/07_Query_Store_Extended_Events/README.md,304,f171370db621db035833e43cf2169652b18b6dda4fc0464be2de37cceb7cfd74,False,False
SQL_PerformanceSchulung,main,bc3a180c9ff4b87314a8e526a16d41ec36f57ea6,Demos/08_Infrastructure/README.md,280,2f3b85cb7406e1f8c02191e0e142ce64281ed88fb762a53ba5ffb0a0e352553f,False,False
SQL_PerformanceSchulung,main,bc3a180c9ff4b87314a8e526a16d41ec36f57ea6,Demos/README.md,930,105461d25d1d35f023e92f4b4fed2ba418e29ee92e76beb8e29f2fe036bfa7dd,False,False
SQL_PerformanceSchulung,main,bc3a180c9ff4b87314a8e526a16d41ec36f57ea6,Documentation/Curriculum/CURRICULUM_ARCHITECTURE.md,17908,86e97d8c85efb96d4c59c98ba1b33088f04308a599488b326f898418b51ad6f5,False,False
SQL_PerformanceSchulung,main,bc3a180c9ff4b87314a8e526a16d41ec36f57ea6,Documentation/Curriculum/GATE_B_TRACEABILITY.md,2815,643410becb821f80f7054d622dd21b8eee3691cd7bc32489f86d04a8ff6958c5,False,False
SQL_PerformanceSchulung,main,bc3a180c9ff4b87314a8e526a16d41ec36f57ea6,Documentation/Curriculum/README.md,330,fec8ae4e820c0d042318a8ae241914f5b0cfae32e68f3da7baa689b9ea7fe9ba,False,False
SQL_PerformanceSchulung,main,bc3a180c9ff4b87314a8e526a16d41ec36f57ea6,Documentation/Curriculum/TRACEABILITY_MATRIX.md,14647,c08613a7d044a449b2039a3f3fc9e443c7fd536783d7186f1e68891117b23c73,False,False
SQL_PerformanceSchulung,main,bc3a180c9ff4b87314a8e526a16d41ec36f57ea6,Documentation/Demo_Catalog/README.md,418,4a568f1e81fe064d5aaba7977f67e53b8ecaa5762748f65324870c81164cd933,False,False
SQL_PerformanceSchulung,main,bc3a180c9ff4b87314a8e526a16d41ec36f57ea6,Documentation/Inventories/LEGACY_EXAMPLE_CLASSIFICATION.md,25566,19a97f134bb4f2c830c519048c14dca1af4b54734c7c43dc1adf66970abd6d7e,False,False
SQL_PerformanceSchulung,main,bc3a180c9ff4b87314a8e526a16d41ec36f57ea6,Documentation/Inventories/SLIDE_STATEMENT_REGISTER.md,18488,f8c14164e3df5752b3937f6225f36ff2d5b67f912278c3a5f4eb0b8521f92cc6,False,False
SQL_PerformanceSchulung,main,bc3a180c9ff4b87314a8e526a16d41ec36f57ea6,Documentation/Inventories/SOURCE_MANIFEST.md,9780,6a7a5e310d09cb41071c8e2a840d5bdf354fb55da4c8521fc6bd09e8ad7b42b8,False,False
SQL_PerformanceSchulung,main,bc3a180c9ff4b87314a8e526a16d41ec36f57ea6,Documentation/Inventories/legacy_example_classification.json,33672,62cbb20e4741da17d2d2b0174f70049b00195faef57c65b316f36d4e036e1d8f,False,False
SQL_PerformanceSchulung,main,bc3a180c9ff4b87314a8e526a16d41ec36f57ea6,Documentation/Project_Planning/CONFLICT_AND_DECISION_LOG.md,7955,8b56a427eab26c05c5e42d72d8620b275f9fd95af66e1fe49f548a5d073693ce,False,False
SQL_PerformanceSchulung,main,bc3a180c9ff4b87314a8e526a16d41ec36f57ea6,Documentation/Project_Planning/GATE_A_REVIEW.md,4301,bc6a5ad5b7779d7cbd4468873d499727b6a161e3bda196b28917116943670279,False,False
SQL_PerformanceSchulung,main,bc3a180c9ff4b87314a8e526a16d41ec36f57ea6,Documentation/Project_Planning/GATE_B_REVIEW.md,7114,7df05b9913aa6c1fed2405e9032cc2398bca79dc948979c649861f5ff55fb927,False,False
SQL_PerformanceSchulung,main,bc3a180c9ff4b87314a8e526a16d41ec36f57ea6,Documentation/Project_Planning/MASTER_IMPLEMENTATION_PLAN.md,41489,33c0023dc15d1189de2dfce93b367556d5e3dc030f7fb4c66fafe00b5258f578,False,False
SQL_PerformanceSchulung,main,bc3a180c9ff4b87314a8e526a16d41ec36f57ea6,Documentation/Project_Planning/PRESENTATION_QUALITY_INTEGRATION_PLAN.md,7568,1bf80af8caf6326cb0f54c6c980b204e27e669cbaef1893f2970fb6da94f6605,False,False
SQL_PerformanceSchulung,main,bc3a180c9ff4b87314a8e526a16d41ec36f57ea6,Documentation/Project_Planning/SQL_SERVER_RUNTIME_MATRIX_REVIEW.md,4091,b257603bdb2b7bb991e420f04aad28a73082f9613de07bd1217875544055860a,False,False
SQL_PerformanceSchulung,main,bc3a180c9ff4b87314a8e526a16d41ec36f57ea6,Documentation/Project_Planning/W2_001_EXAMPLE_CLASSIFICATION_REVIEW.md,3992,57424bb150e583d2626b79966b661efc9b168ef469392d070b31fe1cb803bf8e,False,False
SQL_PerformanceSchulung,main,bc3a180c9ff4b87314a8e526a16d41ec36f57ea6,Documentation/Project_Planning/W2_007_REFINE_CLAIMS_REVIEW.md,5112,f71a717c1f11f6c416e2ac551401b70fe4f2a4bbdcf580c2be76629e4796d631,False,False
SQL_PerformanceSchulung,main,bc3a180c9ff4b87314a8e526a16d41ec36f57ea6,Documentation/Project_Planning/WAVE_1_DATA_MEASUREMENT_REVIEW.md,3221,df3d341ef206bfa0225860730b0e99dc6f254790c7ed8285dd7501aeeae3de53,False,False
SQL_PerformanceSchulung,main,bc3a180c9ff4b87314a8e526a16d41ec36f57ea6,Documentation/Project_Planning/WAVE_1_FRAMEWORK_FOUNDATION_REVIEW.md,4389,ad473e9550411dd0592a86b226c37d939ad3e979c6c35d07fea02da0f89f7421,False,False
SQL_PerformanceSchulung,main,bc3a180c9ff4b87314a8e526a16d41ec36f57ea6,Documentation/Project_Planning/WAVE_1_ORCHESTRATION_RUNTIME_REVIEW.md,3278,2247182d6f111339415b4c61d8f32948304497039f716056d194663b49e5a79c,False,False
SQL_PerformanceSchulung,main,bc3a180c9ff4b87314a8e526a16d41ec36f57ea6,Documentation/Quality/PRIVACY_METADATA_REVIEW_PROCEDURE.md,7969,0079625093a8be2d4177432c33da9caf2927796b86c67cd22670735e5e1d84b1,False,False
SQL_PerformanceSchulung,main,bc3a180c9ff4b87314a8e526a16d41ec36f57ea6,Documentation/README.md,800,b5ff8e1c4edcf4a09636a649fe14a03f23edc4785d8c4c3a39e051190900ccdb,False,False
SQL_PerformanceSchulung,main,bc3a180c9ff4b87314a8e526a16d41ec36f57ea6,Documentation/Research/FRAMEWORK_SOURCES_W1.md,5156,f94550f955c67ff4243d5797371e09ac84cd01e4143dc1218f29b99e898f0e7f,False,False
SQL_PerformanceSchulung,main,bc3a180c9ff4b87314a8e526a16d41ec36f57ea6,Documentation/Research/GATE_B_PILOT_SOURCES.md,5536,19377d6ae02f5ad6ab14415857755cf72bccedb2e3f2380955e1e359d5ff63ae,False,False
SQL_PerformanceSchulung,main,bc3a180c9ff4b87314a8e526a16d41ec36f57ea6,Documentation/Research/PRIMARY_SOURCES_W0.md,10471,a5710699c34d9c974acdc39e65e27117c3faeb32af464b3a5487b971a1c5d38c,False,False
SQL_PerformanceSchulung,main,bc3a180c9ff4b87314a8e526a16d41ec36f57ea6,Documentation/Research/README.md,426,90e0dcde69c8100aec5feabc4d4c4377a6b6ba8a696a4348dd1e1b7991f4871b,False,False
SQL_PerformanceSchulung,main,bc3a180c9ff4b87314a8e526a16d41ec36f57ea6,Documentation/Research/SOURCE_REGISTER.md,18475,bde882829383af7d6329c0411ffea3af2237c54c0bfd10eb719768a68c8e00f7,False,False
SQL_PerformanceSchulung,main,bc3a180c9ff4b87314a8e526a16d41ec36f57ea6,Documentation/Research/SQL_SERVER_RUNTIME_MATRIX_SOURCES.md,2808,6a77911453d55c3e32bd67018136977e2730664e71cc44ae482c916b54f39d46,False,False
SQL_PerformanceSchulung,main,bc3a180c9ff4b87314a8e526a16d41ec36f57ea6,Documentation/Reviews/CONTENT_GAP_ANALYSIS.md,9166,eba9f40aefdea8874ca8c4bfc269ce445c4d142bf3bb493d2c2c1a4a95a56b1b,False,False
SQL_PerformanceSchulung,main,bc3a180c9ff4b87314a8e526a16d41ec36f57ea6,Documentation/Reviews/CRITICAL_CLAIMS_REVIEW.md,11829,73225960288063d175c74908c167d028d1f1792256e2bfa39656d06c8172854b,False,False
SQL_PerformanceSchulung,main,bc3a180c9ff4b87314a8e526a16d41ec36f57ea6,Documentation/Reviews/PRESENTATION_BASELINE_REVIEW_2024.md,8547,8521b7bde74e0c98dcf9627061b8f711ee8673e99bc0e177a72eaab25b4fb6fc,False,False
SQL_PerformanceSchulung,main,bc3a180c9ff4b87314a8e526a16d41ec36f57ea6,Documentation/Standards/TERMINOLOGY_AND_STYLE_STANDARD.md,10992,a837867b26089e307a2ce20ef00131ac004e009cd398b7ba0657c1b046706bd6,False,False
SQL_PerformanceSchulung,main,bc3a180c9ff4b87314a8e526a16d41ec36f57ea6,Infrastructure/README.md,645,8a492383b3c54aa1b922367f2555feed46b776fd6524bdfd142cf100750fe239,False,False
SQL_PerformanceSchulung,main,bc3a180c9ff4b87314a8e526a16d41ec36f57ea6,LICENCE.md,7648,9ceac666fe97f782e29d74f18c189414e0c3c124cc5fb802524ba93c57b731d2,False,False
SQL_PerformanceSchulung,main,bc3a180c9ff4b87314a8e526a16d41ec36f57ea6,Presentations/Performance_Schulung_Chat_2026-07-23_2146_SQL_Server_Performance_Grundlagen.pptx,318286,3ad528c2eb6ad531c1bbf5a26bee17e35004f764357b5061c9fc15bc04807a18,False,False
SQL_PerformanceSchulung,main,bc3a180c9ff4b87314a8e526a16d41ec36f57ea6,Presentations/README.md,583,ed8ebbea0ba94b23aedc5c009f4483a9999c84205ec85436bcf330c80583d245,False,False
SQL_PerformanceSchulung,main,bc3a180c9ff4b87314a8e526a16d41ec36f57ea6,Presentations/old/Performance Grundlagen V-2024.zip,16742690,78e3d1d708758d1115a066eca1df2c66d6f26ba57903b764c98e901506892041,False,False
SQL_PerformanceSchulung,main,bc3a180c9ff4b87314a8e526a16d41ec36f57ea6,README.md,6905,46460038bb32959ea9b1ad2bc58ca39e99a45abadc57b8719ee13d7697167428,False,False
SQL_PerformanceSchulung,main,bc3a180c9ff4b87314a8e526a16d41ec36f57ea6,Tests/README.md,4111,70d98c249eb06de86e3cf1c30df175349f47819242e501af50629f8fc13088de,False,False
SQL_PerformanceSchulung,main,bc3a180c9ff4b87314a8e526a16d41ec36f57ea6,Tests/Runtime/README.md,3537,5abfbbdbe356085341e5460d18c2d9a5f718dcc226654142212c22438d89c28e,False,False
SQL_PerformanceSchulung,main,bc3a180c9ff4b87314a8e526a16d41ec36f57ea6,Tests/Runtime/docker_sqlcmd_proxy.py,4485,0839165f15d615e297edbe17c0e1fda87e7d1e9cc0bda0bdb741f04c39af1b64,False,False
SQL_PerformanceSchulung,main,bc3a180c9ff4b87314a8e526a16d41ec36f57ea6,Tests/Runtime/run_framework_sql_matrix.py,18885,b6fdfa924a64d756c07702df209603bac5273fa60f888a5dcb4c8458a0eb603e,False,False
SQL_PerformanceSchulung,main,bc3a180c9ff4b87314a8e526a16d41ec36f57ea6,Tests/Runtime/run_framework_sql_matrix_staged.py,6221,fb4f92e5718115e7e9876b8881c0090a26d072f28775bb55e811cc4130c498c6,False,False
SQL_PerformanceSchulung,main,bc3a180c9ff4b87314a8e526a16d41ec36f57ea6,Tests/Runtime/run_gate_b_pilots.py,5025,5accd383cc7a52308c0dfcd6efd248bb8c693ebd92fb033bfc1d2f64d63c19d2,False,False
SQL_PerformanceSchulung,main,bc3a180c9ff4b87314a8e526a16d41ec36f57ea6,Tests/Static/test_orchestration_runtime.py,8959,61e39f87829e49e2c1ab6eab44d1ced7d030f83e48a04363a1f3ad3fef4d4c32,False,False
SQL_PerformanceSchulung,main,bc3a180c9ff4b87314a8e526a16d41ec36f57ea6,Tests/Static/test_result_contract_evaluator.py,3211,6b56c27ab1db4a5f6da5deabf6f07d0a135d2c9c13ecb79e25bf3c55c9320786,False,False
SQL_PerformanceSchulung,main,bc3a180c9ff4b87314a8e526a16d41ec36f57ea6,Tests/Static/validate_framework_contracts.py,13903,4b3a917eecc390c6672e191d58439825cc7841af05806aa8b0eadede157ed9af,False,False
SQL_PerformanceSchulung,main,bc3a180c9ff4b87314a8e526a16d41ec36f57ea6,Tests/Static/validate_gate_b_pilots.py,9841,629e99b8ad2f874b91d437f4c8de2bb317783f1160b9f07fd70aeb2ccf399322,False,False
SQL_PerformanceSchulung,main,bc3a180c9ff4b87314a8e526a16d41ec36f57ea6,Tests/Static/validate_orchestration_runtime.py,8961,4e66026cd08e4300989cc2c003842312b428c36d125e917bd6ed93662d8db6ab,False,False
SQL_PerformanceSchulung,main,bc3a180c9ff4b87314a8e526a16d41ec36f57ea6,Tests/Static/validate_w2_001_classification.py,8415,2bd91a0dd9cb1ff9dfba2a20dde33cfca47a88bfb5350e41829b8944582e9ba3,False,False
SQL_PerformanceSchulung,main,bc3a180c9ff4b87314a8e526a16d41ec36f57ea6,Tests/Static/validate_w2_007_presentation.py,5295,6ce690d27cb88bed049d0f94523fd94ce569785c2f7179abd94b065d7573405c,False,False
SQL_PerformanceSchulung,main,bc3a180c9ff4b87314a8e526a16d41ec36f57ea6,Tools/README.md,438,0312f46fd0e753ff6380d880677ff068a2587bb211b8f1e398e9119df77e14e6,False,False
